roi,annualized,mean,std,sharpe,alpha,alpha_daily,beta,var,var_daily,tvar,tvar_daily
50.98,8.59,9.56,17.48,0.58,0.41,0.0,1.06,-26.85,-1.69,-41.0,-2.58
209.13,25.32,24.13,20.51,1.21,73.51,0.29,1.09,-30.55,-1.92,-47.28,-2.98
186.41,23.42,22.63,20.41,1.14,65.38,0.26,1.1,-29.62,-1.87,-47.23,-2.98
96.4,14.45,14.91,18.66,0.83,24.88,0.1,1.12,-29.29,-1.84,-42.94,-2.7
81.17,12.62,13.11,17.38,0.79,16.33,0.06,1.11,-27.51,-1.73,-41.14,-2.59
177.04,22.6,21.9,20.02,1.12,63.62,0.25,1.06,-29.69,-1.87,-46.45,-2.93
220.3,26.22,24.87,20.72,1.23,77.43,0.31,1.09,-30.6,-1.93,-47.85,-3.01
182.03,23.04,22.32,20.37,1.12,63.1,0.25,1.12,-29.96,-1.89,-47.35,-2.98
112.57,16.28,16.28,17.72,0.95,34.7,0.14,1.06,-27.76,-1.75,-41.05,-2.59
120.22,17.1,17.12,18.56,0.96,35.67,0.14,1.13,-29.16,-1.84,-43.03,-2.71
76.48,12.03,12.72,18.07,0.74,13.27,0.05,1.13,-28.75,-1.81,-42.76,-2.69
180.53,22.91,22.24,20.53,1.11,63.82,0.25,1.09,-29.65,-1.87,-46.71,-2.94
186.11,23.4,22.65,20.63,1.13,66.86,0.27,1.07,-29.32,-1.85,-47.09,-2.97
190.38,23.76,22.83,20.11,1.17,68.83,0.27,1.05,-28.86,-1.82,-45.87,-2.89
87.62,13.41,14.03,18.73,0.78,19.81,0.08,1.14,-28.43,-1.79,-44.17,-2.78
167.51,21.75,21.23,20.11,1.09,56.85,0.23,1.13,-30.29,-1.91,-46.59,-2.93
96.89,14.51,14.89,18.31,0.85,25.98,0.1,1.1,-28.55,-1.8,-42.21,-2.66
229.63,26.94,25.28,19.96,1.3,81.12,0.32,1.06,-29.07,-1.83,-45.38,-2.86
190.76,23.8,22.79,19.78,1.18,65.96,0.26,1.11,-30.01,-1.89,-45.66,-2.88
220.55,26.23,24.76,20.09,1.26,74.87,0.3,1.13,-29.31,-1.85,-46.75,-2.94
195.69,24.21,23.07,19.51,1.21,66.78,0.26,1.12,-29.49,-1.86,-45.33,-2.86
174.51,22.38,21.46,18.7,1.18,60.52,0.24,1.08,-28.48,-1.79,-42.76,-2.69
104.69,15.4,15.64,18.22,0.89,29.96,0.12,1.09,-28.67,-1.81,-42.39,-2.67
170.37,22.01,21.58,20.78,1.07,58.92,0.23,1.13,-30.85,-1.94,-47.95,-3.02
133.65,18.5,18.28,18.54,1.02,39.86,0.16,1.17,-29.03,-1.83,-44.12,-2.78
233.27,27.22,25.65,20.73,1.27,77.94,0.31,1.16,-30.45,-1.92,-47.85,-3.01
196.95,24.32,23.16,19.56,1.22,68.35,0.27,1.1,-29.14,-1.84,-45.51,-2.87
184.46,23.26,22.24,19.15,1.19,63.9,0.25,1.09,-27.89,-1.76,-43.89,-2.76
205.5,25.03,23.76,19.78,1.23,70.7,0.28,1.11,-29.17,-1.84,-45.99,-2.9
223.28,26.45,24.84,19.67,1.29,76.87,0.31,1.1,-28.93,-1.82,-45.68,-2.88
178.89,22.77,21.8,18.84,1.19,61.77,0.25,1.09,-29.17,-1.84,-43.04,-2.71
157.45,20.82,20.21,18.74,1.11,51.06,0.2,1.14,-29.81,-1.88,-43.49,-2.74
189.79,23.71,22.87,20.47,1.15,68.5,0.27,1.06,-29.56,-1.86,-46.93,-2.96
185.17,23.32,22.36,19.5,1.18,67.39,0.27,1.03,-28.33,-1.78,-44.63,-2.81
102.82,15.19,15.2,16.74,0.94,28.22,0.11,1.08,-28.64,-1.8,-39.62,-2.5
186.91,23.47,22.62,20.24,1.15,65.69,0.26,1.1,-29.79,-1.88,-46.84,-2.95
159.85,21.04,20.25,18.0,1.16,51.9,0.21,1.13,-28.92,-1.82,-42.67,-2.69
91.97,13.93,14.37,18.15,0.82,24.9,0.1,1.07,-26.95,-1.7,-41.54,-2.62
188.31,23.59,22.71,20.17,1.16,67.14,0.27,1.07,-29.16,-1.84,-46.54,-2.93
126.67,17.78,17.87,19.43,0.95,42.08,0.17,1.08,-28.64,-1.8,-44.75,-2.82
215.54,25.84,24.63,20.96,1.2,72.9,0.29,1.16,-30.02,-1.89,-48.62,-3.06
117.28,16.79,16.88,18.66,0.94,32.81,0.13,1.17,-29.68,-1.87,-43.5,-2.74
143.72,19.5,19.17,18.84,1.05,50.92,0.2,1.03,-27.73,-1.75,-43.58,-2.75
186.39,23.42,22.51,19.83,1.17,65.59,0.26,1.08,-28.84,-1.82,-45.65,-2.88
209.51,25.35,24.26,20.98,1.18,72.37,0.29,1.13,-30.62,-1.93,-48.17,-3.03
85.94,13.21,13.6,17.3,0.82,19.72,0.08,1.09,-26.4,-1.66,-40.86,-2.57
190.39,23.76,22.79,19.86,1.18,64.93,0.26,1.13,-28.77,-1.81,-46.26,-2.91
211.44,25.51,24.18,19.99,1.24,72.37,0.29,1.12,-29.7,-1.87,-45.96,-2.9
179.46,22.82,22.12,20.29,1.12,61.45,0.24,1.13,-30.28,-1.91,-46.59,-2.94
105.18,15.46,15.75,18.58,0.88,29.18,0.12,1.12,-29.97,-1.89,-43.13,-2.72
194.65,24.13,23.15,20.25,1.17,65.99,0.26,1.15,-29.42,-1.85,-46.78,-2.95
215.99,25.87,24.67,21.03,1.2,74.45,0.3,1.13,-30.53,-1.92,-48.33,-3.04
151.18,20.23,19.84,19.28,1.06,52.24,0.21,1.08,-29.02,-1.83,-44.99,-2.83
73.75,11.68,12.18,16.74,0.76,13.22,0.05,1.08,-26.19,-1.65,-39.9,-2.51
206.09,25.08,23.83,19.97,1.22,71.35,0.28,1.11,-29.74,-1.87,-46.0,-2.9
83.75,12.94,13.33,17.1,0.82,17.23,0.07,1.11,-28.11,-1.77,-40.79,-2.57
106.05,15.56,15.65,17.59,0.92,27.92,0.11,1.14,-28.24,-1.78,-40.94,-2.58
210.12,25.4,24.1,20.02,1.23,70.91,0.28,1.14,-29.49,-1.86,-46.35,-2.92
157.58,20.83,20.1,18.09,1.14,49.7,0.2,1.16,-29.08,-1.83,-42.52,-2.68
186.4,23.42,22.5,19.79,1.17,63.57,0.25,1.13,-29.07,-1.83,-45.74,-2.88
144.48,19.58,19.3,19.22,1.04,48.63,0.19,1.1,-28.92,-1.82,-44.08,-2.78
173.89,22.32,21.55,19.39,1.14,59.13,0.23,1.12,-28.53,-1.8,-44.75,-2.82
157.51,20.83,20.14,18.32,1.13,50.32,0.2,1.15,-29.29,-1.85,-43.12,-2.72
112.68,16.29,16.36,18.09,0.94,30.67,0.12,1.16,-29.34,-1.85,-42.44,-2.67
89.81,13.68,14.06,17.6,0.83,19.7,0.08,1.14,-27.51,-1.73,-42.74,-2.69
165.85,21.6,20.77,18.39,1.16,53.13,0.21,1.16,-29.67,-1.87,-43.21,-2.72
185.22,23.32,22.13,18.28,1.24,65.76,0.26,1.04,-27.4,-1.73,-42.06,-2.65
199.44,24.53,23.16,18.68,1.27,72.37,0.29,1.01,-25.9,-1.63,-42.66,-2.69
244.15,28.04,25.9,18.85,1.41,85.87,0.34,1.02,-27.39,-1.73,-43.59,-2.75
140.71,19.21,18.74,17.81,1.09,51.79,0.21,0.97,-25.99,-1.64,-40.71,-2.56
104.39,15.37,15.05,14.87,1.05,32.95,0.13,0.97,-23.72,-1.49,-34.46,-2.17
170.2,21.99,20.65,15.83,1.34,59.19,0.23,1.02,-24.46,-1.54,-36.1,-2.27
150.7,20.18,19.84,19.44,1.05,51.63,0.2,1.09,-29.24,-1.84,-44.6,-2.81
174.45,22.37,21.59,19.4,1.14,59.56,0.24,1.11,-28.95,-1.82,-44.71,-2.82
217.73,26.01,24.61,20.18,1.25,75.38,0.3,1.1,-30.05,-1.89,-46.5,-2.93
171.22,22.09,21.4,19.58,1.12,58.96,0.23,1.11,-29.36,-1.85,-45.51,-2.87
172.65,22.21,21.37,18.9,1.16,60.47,0.24,1.07,-27.63,-1.74,-42.95,-2.71
154.22,20.52,19.96,18.68,1.1,55.48,0.22,1.02,-26.34,-1.66,-42.91,-2.7
179.03,22.78,21.76,18.59,1.2,64.04,0.25,1.04,-27.46,-1.73,-42.19,-2.66
146.81,19.8,19.45,19.0,1.06,50.46,0.2,1.07,-28.18,-1.78,-44.01,-2.77
104.29,15.36,15.58,18.12,0.89,25.78,0.1,1.18,-29.13,-1.84,-43.14,-2.72
187.79,23.54,22.58,19.72,1.18,64.35,0.26,1.12,-29.11,-1.83,-45.71,-2.88
182.5,23.08,22.12,19.22,1.18,64.12,0.25,1.07,-28.48,-1.79,-43.75,-2.76
230.53,27.01,25.35,20.07,1.29,79.23,0.31,1.1,-29.03,-1.83,-45.91,-2.89
88.75,13.55,13.84,16.99,0.85,20.59,0.08,1.1,-26.99,-1.7,-39.55,-2.49
202.5,24.78,23.44,19.13,1.26,71.47,0.28,1.06,-28.32,-1.78,-42.99,-2.71
97.12,14.54,14.73,17.23,0.89,24.29,0.1,1.12,-27.85,-1.75,-40.88,-2.58
91.09,13.83,14.28,18.13,0.82,19.17,0.08,1.18,-29.12,-1.83,-42.74,-2.69
75.04,11.85,12.41,17.24,0.75,11.81,0.05,1.13,-27.58,-1.74,-40.36,-2.54
133.72,18.51,18.45,19.34,0.98,44.12,0.18,1.1,-28.58,-1.8,-44.52,-2.8
157.74,20.85,20.44,19.75,1.06,52.85,0.21,1.13,-29.9,-1.88,-45.72,-2.88
151.99,20.3,19.83,18.92,1.08,52.64,0.21,1.07,-28.52,-1.8,-43.09,-2.71
112.64,16.29,16.14,16.83,0.99,33.21,0.13,1.08,-27.22,-1.71,-39.61,-2.5
176.57,22.56,21.49,18.04,1.22,64.92,0.26,0.99,-26.13,-1.65,-41.02,-2.58
116.19,16.67,16.4,16.49,1.03,38.16,0.15,1.0,-26.49,-1.67,-38.19,-2.41
59.67,9.81,10.39,15.89,0.69,6.25,0.02,1.03,-25.59,-1.61,-37.35,-2.35
128.15,17.94,17.44,16.4,1.1,42.46,0.17,1.03,-26.25,-1.65,-37.92,-2.39
100.45,14.92,14.87,16.16,0.96,29.66,0.12,1.02,-25.84,-1.63,-37.08,-2.34
66.56,10.74,11.19,15.71,0.75,11.77,0.05,1.0,-26.15,-1.65,-36.47,-2.3
96.13,14.42,14.92,18.88,0.82,24.22,0.1,1.14,-29.95,-1.89,-44.27,-2.79
176.91,22.59,21.86,19.85,1.13,64.3,0.26,1.04,-27.26,-1.72,-45.23,-2.85
188.3,23.59,22.81,20.68,1.13,67.19,0.27,1.08,-29.7,-1.87,-47.58,-3.0
181.87,23.03,22.32,20.46,1.12,67.75,0.27,1.02,-28.62,-1.8,-46.37,-2.92
102.38,15.14,15.33,17.76,0.9,28.46,0.11,1.09,-29.65,-1.87,-41.57,-2.62
164.85,21.51,21.02,20.01,1.08,59.12,0.23,1.06,-28.67,-1.81,-45.61,-2.87
215.01,25.8,24.49,20.44,1.23,76.64,0.3,1.07,-29.11,-1.83,-46.68,-2.94
211.83,25.54,24.44,21.16,1.18,74.47,0.3,1.11,-30.16,-1.9,-48.91,-3.08
222.4,26.38,25.04,20.92,1.23,76.85,0.3,1.12,-30.64,-1.93,-48.7,-3.07
185.37,23.33,22.31,19.16,1.2,66.44,0.26,1.05,-27.65,-1.74,-44.22,-2.79
175.29,22.45,21.57,18.96,1.17,60.84,0.24,1.08,-29.69,-1.87,-44.24,-2.79
211.06,25.48,24.22,20.3,1.22,74.69,0.3,1.08,-28.9,-1.82,-46.66,-2.94
102.5,15.16,15.6,19.13,0.85,26.99,0.11,1.15,-30.96,-1.95,-45.15,-2.84
179.19,22.79,22.02,19.87,1.14,62.49,0.25,1.1,-27.98,-1.76,-46.34,-2.92
194.49,24.11,23.29,21.0,1.14,69.95,0.28,1.08,-29.92,-1.88,-47.88,-3.02
205.54,25.03,24.07,21.26,1.16,71.89,0.29,1.12,-31.05,-1.96,-49.55,-3.12
237.74,27.56,25.88,20.58,1.29,80.71,0.32,1.13,-29.17,-1.84,-48.12,-3.03
141.81,19.31,18.86,18.06,1.08,46.05,0.18,1.1,-28.84,-1.82,-42.1,-2.65
211.84,25.54,24.3,20.49,1.22,73.9,0.29,1.1,-29.17,-1.84,-47.19,-2.97
100.45,14.92,15.24,18.31,0.87,28.27,0.11,1.09,-28.07,-1.77,-41.87,-2.64
142.67,19.4,19.15,19.16,1.03,49.66,0.2,1.06,-29.42,-1.85,-44.56,-2.81
170.0,21.98,21.25,19.28,1.13,59.28,0.24,1.08,-28.1,-1.77,-44.46,-2.8
179.32,22.81,21.82,18.81,1.19,62.07,0.25,1.09,-28.4,-1.79,-43.2,-2.72
98.07,14.65,14.76,16.85,0.91,24.82,0.1,1.11,-28.04,-1.77,-39.58,-2.49
116.18,16.67,16.6,17.64,0.97,34.15,0.14,1.11,-28.65,-1.8,-41.46,-2.61
259.41,29.16,27.05,20.38,1.36,89.0,0.35,1.08,-29.32,-1.85,-46.42,-2.92
166.35,21.64,20.79,18.27,1.17,54.43,0.22,1.13,-29.05,-1.83,-43.16,-2.72
92.7,14.02,14.4,17.9,0.84,23.42,0.09,1.1,-29.55,-1.86,-42.05,-2.65
307.97,32.47,29.54,20.47,1.47,98.9,0.39,1.14,-30.2,-1.9,-47.47,-2.99
145.64,19.69,19.0,17.13,1.14,46.64,0.19,1.11,-28.04,-1.77,-40.38,-2.54
183.65,23.18,22.15,18.96,1.2,63.44,0.25,1.09,-28.25,-1.78,-43.64,-2.75
202.95,24.82,23.45,19.02,1.26,71.3,0.28,1.07,-29.08,-1.83,-44.02,-2.77
190.92,23.81,22.93,20.42,1.15,70.17,0.28,1.03,-28.8,-1.81,-46.45,-2.93
193.05,23.99,22.99,20.0,1.18,69.73,0.28,1.05,-28.5,-1.8,-45.61,-2.87
190.85,23.8,22.62,18.85,1.23,68.62,0.27,1.03,-27.75,-1.75,-43.65,-2.75
87.88,13.44,13.77,17.15,0.84,22.38,0.09,1.05,-26.88,-1.69,-40.38,-2.54
65.62,10.62,11.06,15.6,0.75,11.32,0.04,0.99,-24.76,-1.56,-36.3,-2.29
148.42,19.96,19.38,18.04,1.11,49.53,0.2,1.09,-28.94,-1.82,-41.99,-2.64
193.44,24.02,22.79,18.81,1.24,70.32,0.28,1.02,-26.49,-1.67,-43.69,-2.75
141.28,19.26,18.62,16.97,1.13,49.67,0.2,1.0,-27.3,-1.72,-39.17,-2.47
220.66,26.24,24.41,18.24,1.37,81.19,0.32,0.96,-24.81,-1.56,-41.8,-2.63
96.33,14.44,14.28,14.96,0.99,30.84,0.12,0.93,-24.34,-1.53,-34.87,-2.2
163.5,21.38,20.37,17.07,1.23,62.71,0.25,0.92,-24.1,-1.52,-38.88,-2.45
240.54,27.77,25.77,19.23,1.37,86.73,0.34,0.99,-26.49,-1.67,-43.9,-2.77
172.41,22.19,21.51,19.7,1.12,59.44,0.24,1.11,-28.35,-1.79,-45.53,-2.87
194.79,24.14,23.19,20.42,1.17,69.88,0.28,1.07,-29.23,-1.84,-46.93,-2.96
212.04,25.56,24.21,20.0,1.24,76.52,0.3,1.04,-28.62,-1.8,-45.44,-2.86
79.13,12.37,12.77,16.72,0.8,16.07,0.06,1.08,-26.14,-1.65,-39.55,-2.49
68.02,10.94,11.58,17.06,0.71,9.99,0.04,1.08,-26.98,-1.7,-40.2,-2.53
185.18,23.32,22.28,19.07,1.2,65.77,0.26,1.06,-27.45,-1.73,-44.28,-2.79
152.36,20.34,19.91,19.14,1.07,52.96,0.21,1.07,-27.1,-1.71,-44.46,-2.8
193.44,24.02,22.94,19.59,1.2,67.08,0.27,1.1,-28.81,-1.81,-45.02,-2.84
227.86,26.81,25.15,19.87,1.3,80.15,0.32,1.06,-29.39,-1.85,-44.78,-2.82
110.5,16.05,16.09,17.71,0.94,32.71,0.13,1.09,-27.56,-1.74,-40.68,-2.56
207.61,25.2,23.96,20.11,1.22,74.08,0.29,1.06,-28.72,-1.81,-46.22,-2.91
102.5,15.16,15.47,18.47,0.87,28.41,0.11,1.11,-28.84,-1.82,-42.46,-2.68
160.05,21.06,20.66,20.0,1.06,53.64,0.21,1.14,-29.61,-1.86,-46.9,-2.95
199.21,24.51,23.26,19.27,1.24,69.93,0.28,1.07,-27.63,-1.74,-44.76,-2.82
177.34,22.63,21.69,18.84,1.18,61.73,0.24,1.08,-27.85,-1.75,-43.5,-2.74
96.81,14.5,14.65,16.99,0.9,24.23,0.1,1.11,-27.95,-1.76,-39.48,-2.49
94.85,14.27,14.58,17.71,0.86,22.44,0.09,1.14,-28.56,-1.8,-42.24,-2.66
112.95,16.32,16.39,18.12,0.94,30.2,0.12,1.17,-28.47,-1.79,-43.44,-2.74
267.0,29.7,27.56,20.88,1.35,89.12,0.35,1.13,-30.86,-1.94,-47.64,-3.0
187.52,23.52,22.26,18.19,1.26,60.51,0.24,1.17,-29.71,-1.87,-42.18,-2.66
198.33,24.43,23.2,19.27,1.23,68.73,0.27,1.09,-27.41,-1.73,-44.5,-2.8
144.96,19.62,19.16,18.3,1.08,46.37,0.18,1.13,-29.72,-1.87,-42.95,-2.71
97.44,14.57,14.59,16.24,0.94,27.32,0.11,1.04,-25.33,-1.6,-38.4,-2.42
114.01,16.44,16.38,17.54,0.97,36.31,0.14,1.04,-26.69,-1.68,-40.0,-2.52
252.8,28.68,26.71,20.46,1.33,87.74,0.35,1.07,-30.22,-1.9,-46.63,-2.94
251.02,28.55,26.54,20.14,1.35,85.47,0.34,1.1,-29.72,-1.87,-47.11,-2.97
81.9,12.71,12.86,15.42,0.87,19.92,0.08,1.01,-25.41,-1.6,-35.99,-2.27
128.12,17.93,17.44,16.44,1.1,45.15,0.18,0.97,-26.47,-1.67,-37.83,-2.38
124.63,17.57,16.91,14.96,1.17,43.67,0.17,0.94,-23.21,-1.46,-34.86,-2.2
133.83,18.52,17.96,16.66,1.11,45.28,0.18,1.02,-27.08,-1.71,-38.6,-2.43
150.06,20.12,19.33,16.96,1.18,58.03,0.23,0.9,-23.04,-1.45,-38.75,-2.44
182.4,23.08,22.13,19.31,1.18,63.09,0.25,1.1,-28.93,-1.82,-44.38,-2.8
116.98,16.76,16.68,17.67,0.98,33.73,0.13,1.13,-28.5,-1.8,-41.34,-2.6
66.96,10.8,11.4,16.7,0.72,9.3,0.04,1.07,-28.06,-1.77,-39.79,-2.51
154.82,20.57,19.91,18.21,1.13,49.67,0.2,1.14,-29.02,-1.83,-42.1,-2.65
117.87,16.85,16.72,17.46,0.99,37.52,0.15,1.05,-27.47,-1.73,-40.11,-2.53
70.54,11.27,11.79,16.6,0.75,11.83,0.05,1.06,-25.63,-1.61,-39.36,-2.48
148.02,19.92,19.61,19.34,1.04,50.63,0.2,1.09,-27.92,-1.76,-44.52,-2.8
83.45,12.9,13.23,16.65,0.83,19.21,0.08,1.06,-26.32,-1.66,-38.54,-2.43
59.61,9.8,10.51,16.68,0.67,4.69,0.02,1.08,-27.16,-1.71,-38.98,-2.46
153.14,20.41,19.92,18.88,1.09,54.3,0.22,1.04,-27.1,-1.71,-42.9,-2.7
151.03,20.21,19.55,17.77,1.13,56.09,0.22,0.97,-25.81,-1.63,-39.54,-2.49
208.27,25.25,23.87,19.45,1.26,72.53,0.29,1.09,-27.73,-1.75,-44.3,-2.79
186.87,23.46,22.4,19.11,1.2,65.64,0.26,1.07,-26.99,-1.7,-44.02,-2.77
177.5,22.65,21.9,19.84,1.13,60.5,0.24,1.13,-28.77,-1.81,-45.91,-2.89
96.97,14.52,14.72,17.25,0.89,25.0,0.1,1.1,-29.77,-1.88,-40.7,-2.56
173.01,22.25,21.42,19.0,1.16,60.81,0.24,1.07,-27.54,-1.73,-43.79,-2.76
138.42,18.98,18.58,18.03,1.06,43.09,0.17,1.14,-27.96,-1.76,-41.96,-2.64
90.24,13.73,13.98,16.92,0.86,21.71,0.09,1.09,-27.65,-1.74,-40.09,-2.53
101.47,15.04,15.22,17.63,0.9,26.28,0.1,1.13,-28.57,-1.8,-41.26,-2.6
106.04,15.55,15.53,16.89,0.95,30.14,0.12,1.08,-27.13,-1.71,-38.57,-2.43
85.05,13.1,13.55,17.55,0.81,17.47,0.07,1.13,-28.19,-1.78,-41.1,-2.59
167.55,21.75,21.03,19.05,1.14,58.49,0.23,1.08,-27.35,-1.72,-43.42,-2.73
154.82,20.57,20.12,19.28,1.07,53.36,0.21,1.09,-28.35,-1.79,-43.7,-2.75
62.39,10.18,10.97,17.34,0.67,4.96,0.02,1.12,-27.94,-1.76,-40.26,-2.54
81.05,12.6,13.1,17.41,0.79,16.03,0.06,1.11,-28.31,-1.78,-40.7,-2.56
71.99,11.45,11.95,16.52,0.76,13.61,0.05,1.04,-26.22,-1.65,-38.33,-2.41
62.72,10.23,10.87,16.55,0.69,7.29,0.03,1.06,-26.6,-1.68,-38.49,-2.42
104.09,15.34,15.27,16.42,0.97,29.87,0.12,1.06,-25.37,-1.6,-37.9,-2.39
69.64,11.15,11.46,15.18,0.79,15.49,0.06,0.95,-24.81,-1.56,-35.49,-2.24
88.54,13.52,13.52,15.13,0.93,25.97,0.1,0.95,-24.4,-1.54,-34.61,-2.18
81.4,12.65,12.85,15.67,0.86,21.06,0.08,0.98,-24.71,-1.56,-36.19,-2.28
93.42,14.1,14.6,18.57,0.82,22.72,0.09,1.14,-28.99,-1.83,-43.9,-2.77
223.61,26.47,24.99,20.33,1.26,78.73,0.31,1.08,-28.6,-1.8,-47.05,-2.96
110.9,16.1,16.22,18.23,0.92,33.56,0.13,1.08,-29.1,-1.83,-41.99,-2.65
82.92,12.84,13.44,18.22,0.77,18.61,0.07,1.1,-27.99,-1.76,-42.23,-2.66
226.3,26.68,25.16,20.37,1.26,79.62,0.32,1.08,-29.36,-1.85,-47.51,-2.99
221.25,26.29,24.83,20.25,1.26,78.82,0.31,1.06,-29.29,-1.85,-46.44,-2.93
108.67,15.85,16.03,18.33,0.91,33.2,0.13,1.07,-28.28,-1.78,-42.09,-2.65
74.12,11.73,12.1,15.98,0.79,15.17,0.06,1.03,-26.36,-1.66,-37.42,-2.36
83.44,12.9,13.59,18.73,0.76,18.84,0.07,1.11,-28.66,-1.81,-43.34,-2.73
165.47,21.56,20.75,18.42,1.16,54.63,0.22,1.13,-29.17,-1.84,-42.89,-2.7
122.49,17.34,17.02,16.85,1.05,38.38,0.15,1.07,-28.05,-1.77,-39.89,-2.51
159.62,21.02,20.02,16.73,1.23,53.39,0.21,1.07,-27.35,-1.72,-38.87,-2.45
50.65,8.54,9.27,15.99,0.62,0.74,0.0,1.03,-26.04,-1.64,-37.56,-2.37
159.5,21.01,20.28,18.2,1.15,57.34,0.23,1.02,-27.45,-1.73,-41.69,-2.63
196.33,24.27,23.1,19.46,1.22,69.69,0.28,1.06,-28.24,-1.78,-45.3,-2.85
199.98,24.57,23.37,19.58,1.22,70.67,0.28,1.07,-27.37,-1.72,-45.75,-2.88
160.28,21.08,20.39,18.57,1.13,54.37,0.22,1.09,-30.06,-1.89,-42.55,-2.68
101.09,14.99,15.14,17.34,0.91,26.3,0.1,1.12,-27.42,-1.73,-41.35,-2.61
95.21,14.31,14.45,16.71,0.9,24.44,0.1,1.08,-26.43,-1.66,-39.72,-2.5
200.63,24.63,23.36,19.33,1.24,71.23,0.28,1.06,-27.65,-1.74,-45.29,-2.85
79.45,12.41,12.74,16.31,0.82,16.29,0.06,1.07,-27.38,-1.72,-38.72,-2.44
175.13,22.44,21.62,19.27,1.15,63.75,0.25,1.03,-26.87,-1.69,-44.57,-2.81
65.82,10.64,11.26,16.69,0.71,10.97,0.04,1.02,-26.69,-1.68,-38.91,-2.45
146.32,19.76,19.3,18.43,1.08,54.64,0.22,0.97,-25.79,-1.62,-42.42,-2.67
98.12,14.65,14.75,16.81,0.91,28.22,0.11,1.04,-26.57,-1.67,-39.14,-2.47
128.02,17.92,17.69,17.94,1.02,42.07,0.17,1.06,-27.79,-1.75,-41.71,-2.63
48.34,8.21,8.94,15.77,0.6,-0.9,-0.0,1.02,-25.83,-1.63,-36.93,-2.33
158.86,20.95,20.16,17.78,1.17,58.89,0.23,0.97,-25.28,-1.59,-40.86,-2.57
74.08,11.73,11.96,15.13,0.83,17.08,0.07,0.97,-25.32,-1.6,-35.47,-2.23
199.01,24.49,23.36,19.86,1.21,68.46,0.27,1.12,-28.84,-1.82,-45.93,-2.89
205.82,25.05,23.95,20.63,1.19,74.85,0.3,1.05,-29.58,-1.86,-47.31,-2.98
216.6,25.92,24.44,19.69,1.27,74.62,0.3,1.1,-29.27,-1.84,-45.63,-2.87
202.85,24.81,23.67,20.18,1.2,73.75,0.29,1.04,-29.48,-1.86,-45.9,-2.89
164.55,21.48,20.6,17.95,1.18,58.96,0.23,1.02,-26.11,-1.65,-41.38,-2.61
241.3,27.83,25.94,19.85,1.34,84.17,0.33,1.06,-28.46,-1.79,-45.32,-2.86
220.5,26.23,24.75,20.05,1.26,76.87,0.31,1.09,-28.45,-1.79,-45.8,-2.88
128.34,17.95,17.68,17.76,1.03,42.08,0.17,1.06,-28.27,-1.78,-40.58,-2.56
133.62,18.5,18.09,17.53,1.07,41.63,0.17,1.11,-29.04,-1.83,-40.93,-2.58
113.92,16.43,16.33,17.3,0.98,32.9,0.13,1.11,-29.03,-1.83,-40.29,-2.54
221.1,26.28,24.75,19.86,1.28,77.11,0.31,1.08,-27.62,-1.74,-45.29,-2.85
94.99,14.29,14.48,17.04,0.88,23.62,0.09,1.1,-27.83,-1.75,-40.34,-2.54
213.55,25.68,24.09,18.88,1.31,75.73,0.3,1.04,-28.35,-1.79,-43.34,-2.73
151.18,20.23,19.59,18.02,1.12,49.9,0.2,1.1,-28.25,-1.78,-41.2,-2.6
106.44,15.6,15.49,16.43,0.98,30.34,0.12,1.07,-26.64,-1.68,-38.1,-2.4
197.31,24.35,23.13,19.28,1.23,68.34,0.27,1.09,-28.54,-1.8,-44.66,-2.81
213.8,25.7,24.16,19.17,1.29,75.39,0.3,1.06,-29.06,-1.83,-43.77,-2.76
118.72,16.94,16.72,17.02,1.02,35.21,0.14,1.1,-28.76,-1.81,-39.72,-2.5
169.48,21.93,21.07,18.53,1.17,60.62,0.24,1.04,-27.52,-1.73,-42.93,-2.7
171.02,22.07,21.17,18.46,1.18,60.41,0.24,1.05,-26.87,-1.69,-42.51,-2.68
101.53,15.05,15.1,16.9,0.93,27.35,0.11,1.09,-26.94,-1.7,-39.43,-2.48
186.11,23.4,22.48,19.79,1.17,68.13,0.27,1.03,-28.2,-1.78,-45.83,-2.89
108.94,15.88,15.67,16.06,1.01,33.13,0.13,1.03,-24.86,-1.57,-37.47,-2.36
118.0,16.87,16.7,17.29,1.0,37.65,0.15,1.05,-26.95,-1.7,-40.22,-2.53
63.97,10.4,10.73,14.71,0.77,11.5,0.05,0.96,-23.45,-1.48,-34.17,-2.15
94.24,14.2,14.14,15.39,0.96,27.29,0.11,0.99,-24.47,-1.54,-35.37,-2.23
109.83,15.98,16.01,17.62,0.94,32.71,0.13,1.08,-28.2,-1.78,-41.28,-2.6
77.23,12.13,12.31,15.11,0.85,19.43,0.08,0.96,-24.18,-1.52,-35.18,-2.22
86.1,13.23,13.31,15.42,0.9,23.47,0.09,0.98,-23.94,-1.51,-35.65,-2.25
206.73,25.13,23.77,19.41,1.26,72.28,0.29,1.08,-27.79,-1.75,-44.32,-2.79
130.1,18.14,17.87,17.93,1.03,41.36,0.16,1.1,-27.73,-1.75,-41.39,-2.61
59.97,9.85,10.56,16.68,0.67,5.98,0.02,1.05,-27.63,-1.74,-39.4,-2.48
177.04,22.61,21.72,19.08,1.17,62.91,0.25,1.06,-27.44,-1.73,-43.98,-2.77
135.88,18.72,18.47,18.51,1.03,48.06,0.19,1.02,-26.85,-1.69,-42.73,-2.69
188.51,23.6,22.54,19.24,1.2,66.03,0.26,1.08,-27.47,-1.73,-44.15,-2.78
188.04,23.56,22.49,19.16,1.2,67.07,0.27,1.05,-27.66,-1.74,-44.13,-2.78
87.02,13.34,13.57,16.49,0.86,22.48,0.09,1.03,-26.06,-1.64,-38.07,-2.4
147.55,19.88,19.31,17.96,1.11,54.28,0.22,0.98,-25.65,-1.62,-40.92,-2.58
218.29,26.06,24.51,19.54,1.29,76.39,0.3,1.07,-27.52,-1.73,-44.47,-2.8
96.04,14.41,14.62,17.23,0.88,24.18,0.1,1.11,-27.62,-1.74,-40.64,-2.56
109.72,15.97,15.95,17.29,0.96,30.9,0.12,1.11,-27.65,-1.74,-40.68,-2.56
100.04,14.87,15.13,17.89,0.88,25.34,0.1,1.14,-29.7,-1.87,-42.26,-2.66
89.64,13.65,14.01,17.44,0.84,21.44,0.09,1.1,-28.82,-1.82,-41.31,-2.6
124.91,17.6,17.26,16.99,1.05,38.22,0.15,1.1,-27.64,-1.74,-39.18,-2.47
85.56,13.16,13.62,17.62,0.81,18.32,0.07,1.12,-28.7,-1.81,-40.69,-2.56
193.28,24.01,22.77,18.76,1.25,70.57,0.28,1.01,-27.51,-1.73,-42.37,-2.67
67.45,10.86,11.48,16.85,0.72,9.73,0.04,1.07,-26.35,-1.66,-38.72,-2.44
169.74,21.95,21.13,18.73,1.16,60.82,0.24,1.04,-27.03,-1.7,-42.2,-2.66
76.57,12.04,12.35,15.85,0.82,17.18,0.07,1.01,-25.46,-1.6,-36.32,-2.29
68.36,10.98,11.57,16.75,0.73,10.82,0.04,1.06,-27.91,-1.76,-39.65,-2.5
100.89,14.97,15.16,17.59,0.9,26.01,0.1,1.13,-28.81,-1.81,-41.52,-2.62
84.21,13.0,13.42,17.34,0.81,17.81,0.07,1.11,-27.31,-1.72,-40.3,-2.54
85.02,13.09,13.44,16.91,0.83,19.54,0.08,1.08,-25.94,-1.63,-38.77,-2.44
87.46,13.39,13.75,17.23,0.83,19.82,0.08,1.11,-26.98,-1.7,-39.76,-2.5
95.89,14.39,14.48,16.51,0.91,26.38,0.1,1.05,-26.34,-1.66,-37.95,-2.39
74.32,11.76,12.36,17.44,0.74,12.57,0.05,1.11,-28.86,-1.82,-40.62,-2.56
69.91,11.18,11.65,16.14,0.76,12.27,0.05,1.04,-24.52,-1.54,-37.03,-2.33
165.4,21.56,20.81,18.72,1.14,58.35,0.23,1.05,-27.04,-1.7,-42.62,-2.68
84.03,12.97,13.28,16.61,0.84,18.98,0.08,1.07,-26.58,-1.67,-38.6,-2.43
75.08,11.85,12.38,17.03,0.76,13.26,0.05,1.1,-26.15,-1.65,-39.49,-2.49
47.7,8.11,8.85,15.73,0.6,0.43,0.0,0.99,-26.26,-1.65,-37.38,-2.35
68.55,11.01,11.39,15.51,0.77,13.83,0.05,0.98,-25.03,-1.58,-36.26,-2.28
80.66,12.56,12.93,16.65,0.81,17.37,0.07,1.07,-26.21,-1.65,-38.96,-2.45
62.8,10.24,10.83,16.26,0.7,9.18,0.04,1.02,-26.39,-1.66,-37.69,-2.37
69.78,11.17,11.42,14.8,0.81,16.49,0.07,0.93,-22.93,-1.44,-34.34,-2.16
69.85,11.18,11.35,14.26,0.84,17.43,0.07,0.9,-23.06,-1.45,-32.9,-2.07
73.73,11.68,11.9,14.99,0.83,17.87,0.07,0.95,-24.06,-1.52,-34.31,-2.16
134.86,18.62,18.28,18.05,1.05,44.39,0.18,1.08,-28.93,-1.82,-41.19,-2.59
171.28,22.09,21.61,20.63,1.08,60.87,0.24,1.09,-30.81,-1.94,-47.81,-3.01
163.53,21.38,20.95,20.16,1.07,55.53,0.22,1.13,-29.78,-1.88,-46.86,-2.95
210.13,25.4,24.32,21.1,1.18,72.32,0.29,1.14,-30.1,-1.9,-48.61,-3.06
178.21,22.71,21.98,20.03,1.13,61.51,0.24,1.11,-29.87,-1.88,-46.39,-2.92
83.95,12.96,13.48,17.85,0.79,19.63,0.08,1.08,-26.87,-1.69,-41.1,-2.59
148.49,19.97,19.21,16.95,1.17,57.2,0.23,0.91,-24.56,-1.55,-38.25,-2.41
120.7,17.15,17.18,18.61,0.96,35.8,0.14,1.14,-29.5,-1.86,-43.13,-2.72
126.97,17.81,17.82,19.1,0.96,35.34,0.14,1.22,-30.7,-1.93,-45.27,-2.85
133.86,18.52,18.53,19.71,0.97,43.67,0.17,1.12,-30.6,-1.93,-45.85,-2.89
51.29,8.63,9.42,16.39,0.61,-0.82,-0.0,1.07,-26.7,-1.68,-38.44,-2.42
156.37,20.72,20.1,18.56,1.12,56.02,0.22,1.03,-27.22,-1.71,-42.51,-2.68
122.3,17.32,17.0,16.83,1.05,39.14,0.16,1.05,-27.98,-1.76,-38.88,-2.45
147.8,19.9,19.54,19.09,1.06,50.21,0.2,1.09,-28.19,-1.78,-43.5,-2.74
63.2,10.29,10.95,16.71,0.69,6.46,0.03,1.09,-26.99,-1.7,-39.21,-2.47
60.47,9.92,10.55,16.29,0.68,5.31,0.02,1.07,-26.42,-1.66,-38.25,-2.41
85.56,13.16,13.63,17.69,0.8,19.05,0.08,1.11,-27.04,-1.7,-41.45,-2.61
122.31,17.33,17.24,18.19,0.98,39.25,0.16,1.07,-27.88,-1.76,-41.38,-2.61
106.88,15.65,16.0,19.05,0.87,30.36,0.12,1.13,-30.1,-1.9,-43.72,-2.75
80.62,12.55,12.68,15.11,0.88,20.02,0.08,0.99,-24.95,-1.57,-35.73,-2.25
75.43,11.9,12.32,16.44,0.79,15.0,0.06,1.05,-26.56,-1.67,-38.77,-2.44
158.29,20.9,20.38,19.24,1.09,55.92,0.22,1.06,-27.65,-1.74,-44.22,-2.79
102.76,15.18,15.05,15.88,0.99,29.72,0.12,1.04,-26.2,-1.65,-36.72,-2.31
86.51,13.28,13.69,17.45,0.82,17.86,0.07,1.14,-27.8,-1.75,-40.73,-2.57
155.46,20.63,20.18,19.32,1.08,54.41,0.22,1.07,-27.51,-1.73,-44.33,-2.79
115.97,16.65,16.65,17.97,0.96,41.33,0.16,0.96,-25.75,-1.62,-40.39,-2.54
108.48,15.83,15.82,17.22,0.95,32.39,0.13,1.06,-27.9,-1.76,-39.37,-2.48
142.25,19.36,18.89,17.96,1.09,51.87,0.21,0.98,-26.36,-1.66,-40.56,-2.55
135.82,18.72,18.56,19.0,1.01,46.55,0.18,1.06,-27.82,-1.75,-43.75,-2.76
86.48,13.27,13.56,16.72,0.85,20.73,0.08,1.07,-26.42,-1.66,-39.39,-2.48
72.51,11.52,11.72,14.69,0.84,17.75,0.07,0.93,-23.47,-1.48,-34.31,-2.16
96.88,14.51,14.38,15.26,0.98,30.34,0.12,0.95,-24.81,-1.56,-35.7,-2.25
70.83,11.3,11.97,17.45,0.72,11.51,0.05,1.09,-27.89,-1.76,-40.96,-2.58
102.94,15.21,15.44,18.07,0.89,29.42,0.12,1.09,-28.22,-1.78,-41.85,-2.64
188.71,23.62,22.78,20.38,1.15,68.28,0.27,1.06,-28.55,-1.8,-47.71,-3.01
68.62,11.01,11.35,15.22,0.79,12.51,0.05,1.0,-26.16,-1.65,-35.39,-2.23
79.65,12.43,12.68,15.78,0.84,17.72,0.07,1.03,-25.56,-1.61,-36.34,-2.29
67.66,10.89,11.37,16.07,0.75,14.09,0.06,0.97,-26.33,-1.66,-37.33,-2.35
32.9,5.85,6.89,16.36,0.46,-12.33,-0.05,1.04,-26.12,-1.65,-38.35,-2.42
138.0,18.94,18.56,18.06,1.06,48.44,0.19,1.02,-26.76,-1.69,-41.44,-2.61
95.23,14.32,14.33,16.0,0.93,25.39,0.1,1.05,-25.98,-1.64,-36.91,-2.32
76.03,11.97,12.48,16.97,0.77,14.6,0.06,1.08,-26.3,-1.66,-39.34,-2.48
53.77,8.99,9.69,16.07,0.64,3.64,0.01,1.01,-26.68,-1.68,-37.09,-2.34
187.46,23.51,22.7,20.44,1.14,66.16,0.26,1.09,-28.96,-1.82,-46.57,-2.93
113.41,16.37,16.4,17.92,0.95,31.7,0.13,1.14,-28.31,-1.78,-41.71,-2.63
158.67,20.93,20.63,20.36,1.04,57.56,0.23,1.05,-29.05,-1.83,-45.96,-2.89
129.83,18.11,17.95,18.45,1.01,45.84,0.18,1.01,-26.06,-1.64,-41.56,-2.62
147.37,19.86,19.24,17.63,1.13,54.52,0.22,0.97,-26.77,-1.69,-40.04,-2.52
93.73,14.14,14.57,18.26,0.83,21.94,0.09,1.15,-28.37,-1.79,-42.6,-2.68
143.73,19.5,19.12,18.57,1.06,50.97,0.2,1.03,-26.9,-1.69,-41.96,-2.64
179.62,22.83,22.11,20.16,1.13,63.55,0.25,1.08,-28.15,-1.77,-45.92,-2.89
195.58,24.2,23.21,20.27,1.17,69.56,0.28,1.08,-28.9,-1.82,-45.84,-2.89
167.81,21.78,21.18,19.73,1.1,59.07,0.23,1.08,-27.37,-1.72,-44.51,-2.8
69.25,11.1,11.54,15.96,0.76,11.81,0.05,1.04,-26.22,-1.65,-37.49,-2.36
83.94,12.96,12.9,14.18,0.95,24.49,0.1,0.92,-22.6,-1.42,-33.3,-2.1
30.12,5.41,6.39,15.84,0.44,-13.44,-0.05,1.01,-26.19,-1.65,-37.29,-2.35
122.85,17.38,17.37,18.58,0.97,41.93,0.17,1.03,-27.6,-1.74,-41.88,-2.64
53.66,8.97,9.69,16.18,0.64,2.78,0.01,1.03,-25.97,-1.64,-37.86,-2.38
48.9,8.29,8.94,15.33,0.62,1.86,0.01,0.97,-25.23,-1.59,-35.35,-2.23
75.38,11.89,12.23,15.94,0.81,16.06,0.06,1.02,-27.15,-1.71,-37.22,-2.34
148.26,19.94,19.61,19.28,1.05,53.02,0.21,1.04,-27.56,-1.74,-44.6,-2.81
112.7,16.29,16.21,17.23,0.98,34.91,0.14,1.05,-26.76,-1.69,-39.43,-2.48
77.62,12.17,12.21,14.16,0.9,22.0,0.09,0.89,-22.98,-1.45,-33.44,-2.11
145.27,19.65,19.27,18.76,1.06,51.12,0.2,1.04,-26.71,-1.68,-42.59,-2.68
114.79,16.52,16.33,16.85,1.0,35.27,0.14,1.06,-26.25,-1.65,-38.4,-2.42
78.72,12.31,12.88,17.57,0.77,13.82,0.05,1.14,-29.44,-1.85,-41.91,-2.64
70.82,11.3,11.68,15.71,0.78,13.62,0.05,1.01,-25.64,-1.62,-35.7,-2.25
132.53,18.39,18.08,17.93,1.04,46.44,0.18,1.01,-26.4,-1.66,-41.16,-2.59
88.76,13.55,13.54,15.1,0.94,24.7,0.1,0.98,-24.31,-1.53,-35.29,-2.22
75.49,11.91,12.33,16.49,0.78,15.3,0.06,1.05,-26.14,-1.65,-37.75,-2.38
78.15,12.24,12.54,15.96,0.82,17.9,0.07,1.02,-25.09,-1.58,-36.69,-2.31
150.12,20.12,19.64,18.64,1.09,54.3,0.22,1.01,-26.75,-1.68,-41.96,-2.64
89.95,13.69,14.12,17.87,0.82,28.38,0.11,0.97,-25.49,-1.61,-40.1,-2.53
90.66,13.78,13.93,16.36,0.89,24.14,0.1,1.03,-26.15,-1.65,-37.85,-2.38
86.09,13.23,13.62,17.27,0.82,28.32,0.11,0.91,-24.1,-1.52,-38.57,-2.43
88.3,13.49,13.33,13.99,1.0,27.76,0.11,0.89,-22.82,-1.44,-31.8,-2.0
70.93,11.32,11.52,14.53,0.83,16.6,0.07,0.93,-22.87,-1.44,-33.42,-2.11
154.65,20.56,20.27,20.09,1.04,57.99,0.23,1.0,-27.2,-1.71,-45.6,-2.87
71.47,11.39,12.05,17.52,0.72,15.15,0.06,1.02,-27.7,-1.74,-40.37,-2.54
96.89,14.51,14.67,17.04,0.9,28.11,0.11,1.03,-27.11,-1.71,-39.08,-2.46
71.36,11.37,11.63,14.99,0.82,15.84,0.06,0.96,-24.52,-1.54,-34.62,-2.18
75.75,11.94,12.2,15.49,0.83,17.21,0.07,0.99,-25.46,-1.6,-36.06,-2.27
76.28,12.01,12.27,15.51,0.83,17.18,0.07,1.0,-25.2,-1.59,-35.95,-2.26
61.24,10.03,10.46,15.11,0.73,10.39,0.04,0.95,-25.46,-1.6,-34.75,-2.19
151.36,20.24,19.73,18.6,1.09,55.81,0.22,0.99,-26.04,-1.64,-42.42,-2.67
113.17,16.34,16.36,17.77,0.95,39.43,0.16,0.97,-24.72,-1.56,-40.25,-2.54
56.36,9.35,9.9,15.38,0.68,4.85,0.02,1.01,-25.02,-1.58,-35.27,-2.22
81.94,12.72,12.98,16.12,0.84,19.62,0.08,1.03,-26.09,-1.64,-36.87,-2.32
156.7,20.75,20.24,19.14,1.09,57.2,0.23,1.02,-27.7,-1.74,-44.08,-2.78
164.68,21.49,20.94,19.69,1.09,60.04,0.24,1.03,-28.28,-1.78,-45.93,-2.89
136.14,18.75,18.27,17.34,1.09,43.4,0.17,1.1,-27.79,-1.75,-40.98,-2.58
164.34,21.46,20.67,18.39,1.16,62.31,0.25,0.96,-25.1,-1.58,-42.36,-2.67
117.8,16.84,16.53,16.39,1.05,35.4,0.14,1.08,-26.98,-1.7,-38.97,-2.45
99.23,14.78,14.64,15.44,0.99,30.14,0.12,0.98,-24.51,-1.54,-35.9,-2.26
164.74,21.5,20.77,18.74,1.14,59.25,0.24,1.03,-27.55,-1.74,-42.66,-2.69
78.32,12.26,12.56,15.99,0.82,17.7,0.07,1.02,-26.0,-1.64,-36.59,-2.3
162.23,21.27,20.43,17.94,1.17,58.41,0.23,1.01,-25.44,-1.6,-40.97,-2.58
61.58,10.07,10.48,14.92,0.74,10.52,0.04,0.95,-24.21,-1.53,-35.6,-2.24
83.63,12.92,13.2,16.36,0.84,19.92,0.08,1.04,-25.86,-1.63,-38.35,-2.42
63.26,10.3,10.78,15.62,0.73,9.93,0.04,0.99,-24.13,-1.52,-36.42,-2.29
151.56,20.26,19.88,19.31,1.06,54.92,0.22,1.03,-27.69,-1.74,-44.72,-2.82
103.26,15.24,15.22,16.63,0.95,30.87,0.12,1.03,-25.12,-1.58,-38.9,-2.45
91.81,13.91,13.73,14.29,1.0,28.89,0.11,0.91,-22.95,-1.45,-33.08,-2.08
74.23,11.74,12.05,15.58,0.81,14.73,0.06,1.03,-24.97,-1.57,-36.86,-2.32
175.89,22.5,21.55,18.64,1.19,63.57,0.25,1.02,-26.69,-1.68,-42.7,-2.69
77.1,12.11,12.4,15.8,0.82,17.6,0.07,1.01,-25.66,-1.62,-35.66,-2.25
96.65,14.48,14.48,16.03,0.94,26.93,0.11,1.03,-25.16,-1.59,-36.71,-2.31
77.78,12.2,12.68,17.03,0.78,14.81,0.06,1.1,-26.52,-1.67,-39.48,-2.49
85.87,13.2,13.67,17.78,0.8,23.73,0.09,1.01,-28.07,-1.77,-40.47,-2.55
141.16,19.25,18.78,17.83,1.09,51.32,0.2,0.98,-26.58,-1.67,-40.98,-2.58
54.12,9.04,10.03,17.82,0.6,4.49,0.02,1.03,-28.64,-1.8,-41.72,-2.63
63.36,10.31,10.65,14.62,0.77,11.76,0.05,0.94,-22.47,-1.42,-34.28,-2.16
52.2,8.76,9.4,15.54,0.64,2.37,0.01,1.01,-24.13,-1.52,-36.39,-2.29
211.56,25.52,23.83,18.13,1.35,75.9,0.3,1.01,-25.87,-1.63,-41.76,-2.63
160.28,21.08,20.44,18.8,1.12,58.81,0.23,1.01,-26.92,-1.7,-43.03,-2.71
75.53,11.91,12.07,14.81,0.86,18.72,0.07,0.95,-24.47,-1.54,-34.64,-2.18
72.97,11.58,11.72,14.37,0.86,18.76,0.07,0.91,-22.92,-1.44,-32.3,-2.03
79.68,12.43,12.84,16.75,0.8,16.74,0.07,1.07,-25.87,-1.63,-39.17,-2.47
76.52,12.04,12.07,13.99,0.91,20.8,0.08,0.9,-23.29,-1.47,-32.53,-2.05
150.25,20.14,19.62,18.48,1.09,54.24,0.22,1.01,-26.18,-1.65,-42.41,-2.67
56.01,9.3,9.91,15.7,0.67,6.27,0.02,0.98,-25.89,-1.63,-35.51,-2.24
57.92,9.57,10.28,16.49,0.66,4.36,0.02,1.06,-27.12,-1.71,-38.95,-2.45
81.29,12.64,12.89,16.04,0.84,18.66,0.07,1.04,-26.0,-1.64,-36.63,-2.31
68.35,10.98,11.37,15.55,0.77,13.8,0.05,0.98,-24.53,-1.55,-36.09,-2.27
64.72,10.5,11.26,17.49,0.68,12.25,0.05,1.0,-26.66,-1.68,-39.85,-2.51
76.59,12.05,12.04,13.76,0.92,21.39,0.08,0.89,-21.32,-1.34,-31.64,-1.99
122.81,17.38,17.25,17.92,1.0,44.8,0.18,0.96,-25.6,-1.61,-41.04,-2.59
79.76,12.44,12.56,14.94,0.88,19.07,0.08,0.99,-24.82,-1.56,-35.15,-2.21
67.76,10.9,11.06,13.9,0.84,16.14,0.06,0.89,-22.17,-1.4,-32.35,-2.04
59.33,9.76,10.05,13.86,0.77,10.7,0.04,0.9,-23.19,-1.46,-31.46,-1.98
60.81,9.97,10.31,14.41,0.76,10.3,0.04,0.94,-23.95,-1.51,-33.96,-2.14
104.6,15.39,15.54,17.69,0.91,35.2,0.14,0.97,-25.45,-1.6,-40.72,-2.56
64.79,10.51,10.9,15.2,0.76,12.05,0.05,0.96,-23.58,-1.49,-35.53,-2.24
34.68,6.13,6.87,14.56,0.51,-6.68,-0.03,0.92,-23.61,-1.49,-33.69,-2.12
68.21,10.96,11.48,16.36,0.74,14.4,0.06,0.98,-25.11,-1.58,-37.25,-2.35
78.29,12.26,12.8,17.45,0.77,18.3,0.07,1.04,-26.61,-1.68,-40.28,-2.54
66.61,10.75,11.23,15.93,0.74,10.06,0.04,1.04,-26.62,-1.68,-37.36,-2.35
125.9,17.7,17.29,16.61,1.08,47.59,0.19,0.9,-22.61,-1.42,-37.47,-2.36
67.07,10.81,11.28,15.92,0.75,10.89,0.04,1.03,-25.9,-1.63,-36.71,-2.31
78.65,12.31,12.51,15.4,0.85,18.33,0.07,1.0,-24.19,-1.52,-36.12,-2.28
78.3,12.26,12.53,15.78,0.83,16.4,0.07,1.05,-25.74,-1.62,-36.98,-2.33
79.76,12.45,12.65,15.55,0.85,18.25,0.07,1.02,-25.84,-1.63,-36.33,-2.29
85.64,13.17,13.19,14.98,0.92,22.0,0.09,1.0,-24.19,-1.52,-34.53,-2.17
54.96,9.15,9.76,15.58,0.66,5.34,0.02,0.98,-23.63,-1.49,-36.41,-2.29
84.74,13.06,13.56,17.75,0.8,27.0,0.11,0.93,-25.03,-1.58,-40.65,-2.56
133.85,18.52,18.49,19.48,0.98,50.75,0.2,0.96,-26.79,-1.69,-44.98,-2.83
86.5,13.28,13.28,14.96,0.93,24.98,0.1,0.95,-24.04,-1.51,-34.64,-2.18
130.34,18.16,17.92,18.05,1.03,47.23,0.19,0.98,-25.61,-1.61,-41.36,-2.61
66.75,10.77,11.22,15.76,0.75,13.12,0.05,0.97,-24.5,-1.54,-36.62,-2.31
63.1,10.28,10.82,15.96,0.72,12.18,0.05,0.95,-25.28,-1.59,-36.9,-2.32
42.72,7.37,8.21,15.92,0.55,-2.96,-0.01,0.99,-25.64,-1.62,-37.18,-2.34
54.45,9.08,9.68,15.51,0.66,5.62,0.02,0.97,-24.63,-1.55,-36.01,-2.27
94.57,14.24,14.0,14.27,1.02,28.46,0.11,0.95,-23.4,-1.47,-33.08,-2.08
69.36,11.11,11.11,12.93,0.91,18.76,0.07,0.84,-20.31,-1.28,-28.91,-1.82
26.79,4.86,5.66,14.32,0.44,-13.8,-0.05,0.94,-22.19,-1.4,-33.5,-2.11
90.7,13.78,13.71,14.97,0.96,25.46,0.1,0.98,-23.97,-1.51,-34.43,-2.17
55.42,9.22,9.79,15.41,0.67,4.5,0.02,1.0,-24.85,-1.57,-35.96,-2.27
65.39,10.59,10.83,14.27,0.8,13.93,0.06,0.92,-22.72,-1.43,-31.75,-2.0
54.87,9.14,9.52,14.05,0.72,8.25,0.03,0.89,-21.86,-1.38,-32.06,-2.02
73.95,11.71,11.85,14.5,0.86,17.42,0.07,0.95,-22.77,-1.43,-33.24,-2.09
82.85,12.83,12.83,14.54,0.92,22.03,0.09,0.96,-23.39,-1.47,-33.74,-2.13
105.98,15.55,15.65,17.54,0.93,36.6,0.15,0.96,-24.54,-1.55,-39.94,-2.52
117.69,16.83,16.78,17.84,0.97,42.65,0.17,0.95,-26.04,-1.64,-40.67,-2.56
50.0,8.45,9.03,14.94,0.64,2.22,0.01,0.97,-23.86,-1.5,-34.32,-2.16
56.79,9.41,9.88,14.87,0.7,5.62,0.02,0.99,-23.44,-1.48,-35.57,-2.24
56.76,9.41,9.82,14.47,0.72,7.45,0.03,0.94,-23.58,-1.49,-33.13,-2.09
68.75,11.03,11.27,14.58,0.81,15.22,0.06,0.94,-23.34,-1.47,-32.65,-2.06
86.48,13.27,13.28,15.0,0.93,24.31,0.1,0.96,-23.94,-1.51,-34.29,-2.16
99.33,14.79,14.58,14.98,1.01,31.03,0.12,0.96,-23.35,-1.47,-33.38,-2.1
54.26,9.06,9.58,14.99,0.68,4.8,0.02,0.97,-23.81,-1.5,-34.47,-2.17
61.41,10.05,10.42,14.7,0.75,9.77,0.04,0.96,-23.77,-1.5,-33.63,-2.12
63.75,10.37,10.65,14.33,0.79,13.75,0.05,0.9,-22.51,-1.42,-32.93,-2.07
143.65,19.5,19.25,19.28,1.03,53.35,0.21,0.99,-27.78,-1.75,-43.85,-2.76
79.4,12.4,12.61,15.56,0.85,18.95,0.08,1.0,-25.28,-1.59,-35.67,-2.25
57.3,9.48,10.3,17.13,0.64,7.63,0.03,0.99,-26.61,-1.68,-38.93,-2.45
53.28,8.92,9.51,15.33,0.66,7.12,0.03,0.92,-24.04,-1.51,-35.56,-2.24
39.11,6.82,7.61,15.32,0.54,-6.03,-0.02,0.99,-24.92,-1.57,-35.09,-2.21
60.79,9.96,10.28,14.22,0.76,11.54,0.05,0.91,-23.84,-1.5,-32.4,-2.04
52.09,8.75,9.18,14.15,0.69,6.12,0.02,0.9,-23.63,-1.49,-31.68,-2.0
68.91,11.05,11.31,14.72,0.81,13.59,0.05,0.97,-22.67,-1.43,-35.21,-2.22
129.03,18.03,17.81,18.06,1.02,47.34,0.19,0.96,-25.35,-1.6,-41.08,-2.59
66.2,10.69,10.97,14.57,0.79,13.43,0.05,0.94,-23.91,-1.51,-33.21,-2.09
54.43,9.08,9.62,15.08,0.68,4.56,0.02,0.98,-23.31,-1.47,-34.69,-2.18
48.87,8.28,8.83,14.62,0.64,2.52,0.01,0.94,-23.46,-1.48,-33.05,-2.08
70.37,11.24,11.41,14.22,0.84,15.48,0.06,0.94,-22.33,-1.41,-32.78,-2.06
50.3,8.49,9.07,14.98,0.65,1.8,0.01,0.98,-23.41,-1.47,-35.16,-2.22
