w0,w1,w2,w3,w4,w5,w6,w7,w8,w9,w10,sharpe,annualized,var
0,1,0,0,-1,-1,-1,1,0,0,-1,0.87,14.1,-26.1
1,1,-1,-1,-1,0,0,0,0,0,-1,0.52,6.74,-25.43
0,0,0,1,-1,0,0,-1,0,-1,-1,0.68,9.9,-26.14
1,1,1,0,-1,0,0,-1,0,-1,1,0.48,5.46,-22.7
0,0,0,0,0,-1,1,1,1,1,0,0.9,12.27,-23.74
1,-1,-1,-1,0,0,0,1,0,0,0,0.77,11.54,-24.01
-1,1,-1,1,1,-1,-1,1,0,0,1,0.74,10.35,-24.58
-1,0,-1,1,0,0,-1,0,0,0,0,0.65,10.02,-28.72
1,0,-1,0,1,0,1,0,0,0,-1,0.86,10.71,-20.47
-1,-1,0,0,0,1,-1,0,1,-1,-1,1.11,19.93,-29.22
0,-1,1,1,0,1,1,-1,1,0,1,0.74,10.56,-25.57
1,0,-1,-1,0,1,1,-1,0,0,-1,0.67,8.41,-22.4
-1,0,1,0,0,0,0,1,1,0,0,1.03,15.86,-24.86
0,0,-1,0,0,-1,0,1,-1,-1,0,0.8,11.61,-25.3
1,-1,0,1,-1,0,0,0,0,0,-1,0.79,11.17,-23.96
1,0,-1,-1,0,0,-1,0,-1,0,-1,0.69,9.82,-24.62
0,0,1,-1,0,-1,1,1,0,0,1,0.4,4.46,-24.37
0,0,-1,-1,1,1,0,0,0,0,1,0.96,13.98,-23.72
1,1,0,-1,-1,1,0,-1,-1,0,-1,0.53,6.35,-24.01
-1,0,0,0,-1,0,-1,0,0,0,1,0.73,11.67,-28.75
0,0,-1,0,0,-1,1,0,1,0,1,0.78,10.53,-25.28
0,0,0,-1,0,0,-1,0,-1,1,1,0.71,9.89,-23.58
1,0,-1,1,0,1,1,1,0,0,1,0.9,12.5,-23.01
0,-1,0,1,0,0,-1,0,1,-1,0,0.77,11.19,-25.76
1,0,0,0,0,0,1,1,1,1,0,0.95,12.28,-21.36
0,1,0,0,1,1,0,0,-1,0,-1,0.86,11.29,-21.61
0,0,0,0,-1,-1,1,0,-1,0,1,0.95,16.35,-25.56
-1,0,-1,-1,0,0,0,0,1,0,0,0.99,17.87,-29.55
1,0,0,-1,-1,1,1,0,0,-1,-1,0.92,16.0,-25.92
0,0,0,0,0,1,0,0,0,0,-1,0.9,12.35,-22.65
-1,0,-1,0,0,-1,1,1,1,0,0,1.1,17.23,-25.8
0,0,-1,0,0,-1,1,0,-1,0,0,0.98,16.79,-25.8
1,0,0,1,-1,0,1,0,0,-1,-1,0.97,16.54,-25.3
-1,0,-1,0,0,-1,0,1,0,-1,-1,0.98,16.84,-27.07
0,0,1,-1,0,-1,1,1,0,1,0,0.89,11.95,-22.86
1,0,-1,1,0,1,0,0,0,0,1,0.69,9.29,-24.63
0,0,0,1,-1,1,1,-1,1,0,1,0.68,9.85,-25.93
1,0,0,-1,-1,1,1,-1,0,-1,-1,0.49,5.97,-23.92
0,0,-1,-1,1,1,0,1,0,1,1,1.0,14.64,-23.83
1,0,0,0,0,0,1,0,1,0,0,0.84,10.49,-21.05
0,0,1,0,0,0,0,1,1,0,0,0.9,12.43,-22.64
-1,-1,0,0,-1,1,-1,0,0,0,-1,1.11,20.81,-29.84
0,-1,-1,1,0,1,1,-1,1,0,1,0.68,9.85,-25.4
0,0,1,0,0,0,0,0,1,-1,0,0.92,12.96,-24.24
-1,0,0,-1,-1,0,0,0,1,0,1,0.88,14.47,-28.92
-1,0,-1,-1,0,1,-1,0,0,0,0,1.03,18.54,-30.09
0,0,0,0,0,1,0,0,-1,0,0,1.04,15.2,-22.17
1,0,0,0,0,0,1,0,1,0,1,0.83,10.93,-22.37
-1,0,0,0,-1,0,1,1,0,0,1,0.78,11.75,-26.56
0,-1,1,0,0,-1,1,0,-1,0,1,1.0,16.67,-23.96
0,0,0,1,-1,0,0,0,0,-1,-1,1.07,20.01,-27.31
0,0,0,0,0,-1,1,0,1,0,0,0.76,9.9,-23.55
0,0,-1,0,0,-1,1,1,1,1,1,1.06,15.36,-24.11
-1,0,-1,0,0,-1,0,1,-1,-1,0,0.87,13.98,-27.2
-1,0,0,0,0,0,0,0,1,-1,1,0.8,12.08,-27.76
-1,0,1,1,0,0,-1,0,0,0,0,0.84,13.28,-28.23
0,1,0,0,-1,-1,1,0,0,0,-1,0.92,15.04,-24.39
0,0,0,-1,-1,0,0,0,1,0,1,0.74,10.76,-27.34
0,0,0,0,-1,0,1,0,-1,-1,-1,0.97,17.19,-25.72
-1,-1,-1,-1,0,1,-1,0,-1,0,1,0.99,16.62,-26.51
-1,0,-1,1,0,0,-1,0,0,1,0,0.86,14.21,-28.21
0,-1,0,0,0,1,-1,0,1,-1,-1,1.05,17.51,-27.19
0,0,0,0,0,0,0,0,1,0,0,0.92,13.18,-23.81
-1,0,-1,-1,1,-1,0,1,0,1,1,1.14,18.88,-27.19
0,-1,0,0,0,-1,1,0,-1,0,0,1.08,17.89,-22.94
-1,-1,0,0,-1,-1,0,1,0,0,-1,1.03,18.64,-29.05
-1,0,0,0,0,-1,-1,1,1,0,1,1.01,15.58,-25.92
1,0,0,0,-1,0,1,0,1,-1,-1,0.73,9.79,-24.2
0,0,-1,1,0,-1,-1,0,0,0,0,0.61,8.28,-25.18
1,0,-1,1,0,-1,1,0,0,0,0,0.62,7.8,-22.49
0,-1,1,0,0,-1,1,0,0,0,0,1.1,18.69,-24.78
-1,0,0,1,-1,0,0,0,0,-1,-1,1.12,21.2,-27.49
-1,0,1,-1,-1,0,0,0,1,-1,1,0.7,10.35,-26.97
0,0,-1,0,0,1,0,1,0,-1,0,0.86,13.17,-27.12
0,0,1,0,0,1,0,0,-1,0,0,0.77,10.78,-23.38
0,0,-1,0,0,1,-1,0,-1,-1,0,0.61,8.69,-26.39
-1,0,-1,0,-1,0,1,0,0,0,0,0.93,17.61,-30.76
-1,-1,0,1,0,1,-1,0,0,-1,-1,0.96,15.63,-26.64
-1,0,0,0,-1,0,1,0,-1,0,1,0.95,17.09,-28.67
0,-1,-1,0,0,0,1,0,0,0,0,0.96,16.99,-28.11
-1,0,1,1,0,-1,-1,0,-1,0,0,0.75,10.65,-25.47
0,0,-1,0,0,-1,0,1,1,1,1,1.01,14.47,-25.17
-1,-1,0,0,0,1,-1,0,0,0,0,0.95,15.74,-27.61
-1,-1,-1,0,0,-1,1,1,1,0,0,1.08,17.52,-28.05
-1,0,-1,0,0,0,0,1,-1,-1,0,0.89,15.02,-28.3
0,-1,0,0,-1,-1,1,0,-1,0,1,1.05,18.42,-26.25
-1,0,0,-1,0,-1,0,1,1,1,1,1.04,16.18,-25.96
-1,-1,0,0,0,1,-1,0,1,-1,0,1.1,19.85,-29.14
-1,0,0,0,-1,0,0,0,1,0,1,0.76,11.99,-28.61
-1,0,0,1,0,0,0,0,0,-1,-1,1.0,17.65,-25.68
0,0,-1,0,0,0,1,0,-1,0,0,1.15,19.92,-24.96
-1,0,1,0,0,0,0,1,1,-1,0,0.96,14.78,-26.36
-1,-1,-1,0,0,-1,0,1,-1,-1,-1,0.98,16.68,-27.38
1,0,0,-1,-1,1,-1,0,0,-1,-1,0.66,9.98,-26.36
0,0,0,-1,-1,0,0,0,0,1,-1,1.09,20.85,-27.55
-1,0,0,0,-1,0,1,0,0,0,1,1.01,18.78,-29.12
-1,0,-1,-1,-1,1,-1,0,0,0,-1,1.27,27.62,-29.88
0,0,1,0,0,-1,1,0,0,0,0,0.8,10.91,-24.48
-1,0,-1,0,-1,-1,1,0,0,1,0,0.96,18.01,-29.53
0,0,0,0,0,0,1,0,-1,-1,-1,1.13,19.95,-25.6
0,-1,0,0,1,-1,0,1,0,0,-1,1.09,16.45,-24.41
-1,0,-1,-1,0,1,-1,0,0,0,-1,1.0,17.65,-28.06
-1,0,0,-1,-1,0,-1,0,0,0,1,0.83,14.02,-28.4
-1,0,-1,0,-1,-1,1,1,1,0,0,1.03,17.25,-27.94
-1,0,1,1,0,-1,-1,0,0,0,0,0.75,10.67,-24.83
-1,0,0,0,0,1,0,0,1,-1,0,1.03,16.55,-26.92
-1,-1,0,0,-1,1,1,0,0,0,-1,1.17,22.73,-29.28
0,0,-1,1,1,-1,0,1,0,-1,1,0.6,7.65,-24.32
-1,-1,0,0,0,1,0,0,0,-1,-1,1.33,28.11,-29.76
-1,0,-1,0,-1,0,-1,0,0,0,1,0.84,14.08,-30.01
0,-1,0,0,0,0,0,0,1,-1,-1,1.25,24.77,-28.14
0,-1,0,0,-1,-1,1,0,1,0,0,1.07,19.5,-27.67
-1,-1,0,0,0,-1,1,0,1,0,1,1.2,21.47,-26.56
-1,0,1,0,-1,0,1,0,0,0,1,0.82,12.3,-26.1
-1,0,0,0,-1,1,-1,0,0,0,-1,0.98,17.97,-30.22
-1,-1,-1,0,-1,-1,0,0,1,-1,0,1.15,23.44,-29.77
-1,0,0,1,0,0,1,1,1,-1,0,0.97,14.72,-24.72
0,0,0,0,-1,0,-1,0,0,0,-1,0.82,13.86,-28.5
-1,0,0,-1,-1,0,0,0,0,1,-1,1.16,24.31,-30.06
-1,0,0,-1,-1,1,-1,0,0,0,-1,0.92,16.57,-29.97
-1,-1,1,0,0,-1,0,1,0,0,-1,1.08,17.73,-26.58
0,0,0,0,0,0,1,0,0,-1,-1,1.06,17.98,-24.87
0,0,0,-1,-1,0,0,0,-1,0,0,1.02,19.06,-27.23
-1,-1,-1,-1,-1,1,-1,0,0,0,-1,1.28,28.0,-31.79
-1,0,0,0,0,1,1,0,0,1,0,0.76,11.0,-26.19
-1,0,-1,0,-1,0,0,0,0,0,-1,1.15,24.65,-31.44
-1,0,-1,0,-1,0,0,0,0,0,0,1.04,21.2,-30.98
-1,-1,-1,-1,-1,1,0,0,0,-1,-1,1.22,26.8,-31.1
0,-1,0,0,-1,-1,0,1,1,0,-1,0.98,15.95,-26.03
-1,0,0,1,-1,0,1,0,0,-1,1,1.13,20.82,-27.34
-1,0,-1,-1,1,-1,0,1,1,1,1,1.22,19.22,-25.69
-1,0,0,0,-1,0,0,0,0,0,-1,1.19,25.23,-30.71
0,-1,0,0,0,1,0,0,1,-1,-1,1.1,16.15,-24.78
-1,0,0,0,0,0,1,0,0,0,1,0.88,13.43,-25.56
-1,0,-1,0,-1,1,1,0,0,0,-1,1.08,20.74,-28.68
-1,0,-1,-1,-1,1,-1,-1,0,0,-1,0.83,14.67,-29.58
-1,0,-1,0,-1,0,1,0,0,1,-1,1.0,18.7,-28.49
-1,-1,0,0,0,1,-1,0,0,1,-1,0.98,15.97,-28.06
-1,-1,1,-1,0,-1,1,0,0,0,0,1.09,19.6,-25.57
0,-1,0,0,0,0,0,0,1,0,-1,1.08,16.75,-25.47
0,-1,-1,-1,-1,1,-1,0,0,0,-1,1.25,26.28,-29.29
-1,-1,-1,0,-1,1,-1,0,0,0,-1,1.06,19.64,-28.94
-1,-1,0,0,0,0,0,0,1,-1,0,1.39,27.82,-27.91
0,-1,0,0,-1,-1,1,0,0,0,0,1.02,18.28,-26.81
-1,-1,-1,-1,-1,0,0,0,0,0,0,1.22,25.69,-30.51
-1,-1,0,0,0,1,0,0,0,0,-1,1.27,23.99,-26.81
-1,-1,0,0,-1,1,0,0,0,1,-1,0.9,14.98,-28.0
-1,0,0,-1,-1,0,0,0,0,0,-1,1.14,24.11,-30.54
-1,0,-1,-1,-1,0,0,-1,1,1,0,0.9,15.17,-28.67
-1,0,0,0,0,1,-1,0,0,0,-1,0.97,16.06,-27.86
-1,-1,-1,-1,-1,-1,0,1,0,0,-1,0.83,14.25,-28.55
-1,-1,-1,0,-1,1,0,0,1,-1,-1,1.29,28.31,-30.35
0,-1,0,0,-1,1,-1,0,0,0,-1,1.02,17.61,-28.66
-1,0,-1,-1,1,-1,1,1,1,1,1,1.19,17.89,-24.78
-1,0,-1,-1,0,1,-1,1,1,0,-1,1.2,21.42,-28.44
-1,0,0,-1,1,1,-1,0,1,1,1,0.81,12.03,-25.9
-1,-1,0,0,0,-1,0,0,0,-1,0,1.21,24.46,-29.06
-1,-1,-1,-1,0,1,0,0,0,0,-1,1.39,30.5,-29.51
-1,0,0,0,-1,0,0,0,0,0,0,1.05,21.34,-30.57
0,0,-1,0,0,0,0,0,-1,0,0,1.09,20.46,-27.89
-1,-1,0,0,0,0,0,0,0,-1,-1,1.36,29.14,-29.35
-1,-1,0,0,-1,1,1,0,1,0,0,0.92,14.98,-29.78
-1,0,0,0,0,1,0,0,0,0,-1,0.84,12.41,-25.48
-1,-1,0,0,0,0,0,0,1,0,0,1.15,19.23,-27.65
-1,0,-1,0,-1,-1,0,0,0,0,-1,1.18,24.35,-28.78
-1,-1,-1,0,-1,1,0,0,0,-1,-1,1.19,25.4,-30.32
-1,-1,0,-1,-1,1,0,0,0,-1,-1,1.23,26.94,-30.49
-1,-1,-1,0,0,0,0,0,0,-1,-1,1.3,27.83,-29.39
-1,0,-1,-1,1,-1,0,1,1,0,0,1.09,17.24,-26.64
-1,-1,-1,0,-1,0,1,0,0,0,0,1.15,23.55,-31.15
-1,0,-1,-1,1,-1,1,0,1,1,1,1.05,15.66,-24.42
-1,-1,-1,0,-1,1,0,0,1,0,-1,1.43,31.1,-29.4
-1,0,1,0,-1,0,0,0,0,0,0,0.8,12.81,-27.84
-1,-1,0,0,-1,0,0,0,0,-1,-1,1.28,27.02,-29.63
-1,-1,-1,0,-1,0,0,0,1,0,0,1.3,28.12,-31.38
0,-1,-1,-1,-1,1,-1,0,1,0,-1,1.02,18.31,-29.09
-1,0,-1,0,-1,1,-1,0,1,0,-1,1.09,20.4,-29.45
-1,-1,0,-1,0,1,0,0,0,0,-1,1.33,28.11,-27.54
-1,0,-1,0,-1,0,1,0,0,1,1,0.73,11.64,-30.1
-1,-1,-1,0,-1,-1,-1,0,1,-1,0,1.1,22.18,-29.55
-1,-1,0,0,0,0,0,1,1,-1,0,1.16,18.78,-25.93
0,0,-1,0,0,0,1,0,0,0,0,1.09,19.61,-26.22
0,0,-1,0,0,-1,-1,0,0,0,1,0.43,5.08,-24.42
0,0,0,0,0,-1,0,0,-1,0,0,0.98,16.39,-25.18
0,0,0,0,1,1,0,0,-1,0,0,0.82,10.94,-21.18
1,0,0,1,0,0,-1,1,0,0,0,0.57,7.13,-24.61
0,0,0,1,0,0,0,0,0,1,-1,0.75,10.75,-24.96
1,-1,-1,0,-1,1,0,0,-1,0,0,0.83,11.67,-24.41
-1,-1,0,0,0,0,0,1,1,0,-1,1.22,21.2,-28.18
0,0,0,1,0,1,0,0,-1,0,-1,0.91,13.26,-23.08
0,0,0,-1,-1,0,0,1,0,1,0,1.03,17.14,-26.52
0,0,-1,1,0,0,0,0,-1,1,1,0.85,12.94,-26.08
-1,0,0,1,1,0,0,1,0,0,-1,0.99,14.47,-23.56
0,1,1,-1,0,-1,0,0,-1,0,1,0.66,8.35,-23.74
0,0,1,0,-1,0,1,-1,1,0,0,0.62,8.14,-25.2
0,-1,0,1,0,0,0,1,0,-1,0,0.77,10.69,-25.11
1,0,1,1,0,1,-1,1,1,1,-1,1.0,14.48,-22.7
-1,-1,0,0,0,-1,-1,1,0,1,-1,1.23,22.08,-28.3
0,1,0,-1,0,0,0,-1,0,-1,0,0.53,6.47,-22.58
0,-1,0,-1,0,1,1,0,-1,0,0,1.26,23.08,-25.04
-1,1,0,0,1,0,0,-1,0,1,-1,0.85,11.82,-24.61
0,1,-1,1,1,-1,0,0,0,-1,-1,0.73,9.21,-22.8
-1,-1,1,1,-1,0,1,0,0,-1,0,1.18,22.24,-26.88
1,0,-1,0,1,0,1,1,-1,0,0,0.87,10.65,-20.88
0,-1,1,0,1,-1,0,0,-1,1,-1,0.65,7.97,-20.94
0,-1,-1,-1,0,0,0,0,-1,0,0,1.12,21.58,-27.82
-1,0,0,0,-1,1,-1,-1,1,-1,0,0.85,14.62,-30.05
1,1,0,1,0,1,0,1,-1,1,1,0.81,10.91,-23.39
1,-1,0,-1,0,-1,-1,-1,1,0,0,0.58,7.86,-24.59
0,-1,0,0,0,0,0,1,0,1,0,1.09,15.71,-23.34
0,-1,0,1,-1,-1,0,0,1,-1,1,0.67,9.02,-24.85
1,0,1,0,0,0,-1,1,-1,0,-1,0.62,7.61,-22.93
-1,0,0,0,-1,0,-1,1,1,-1,0,1.01,17.14,-27.26
0,0,0,1,0,0,1,-1,0,0,-1,0.64,8.26,-23.62
-1,0,0,0,0,0,0,1,0,0,-1,1.08,17.88,-27.69
0,-1,0,-1,-1,-1,0,0,1,0,1,0.7,10.2,-26.3
0,-1,0,0,0,0,0,1,0,0,0,1.24,19.72,-24.89
1,0,-1,0,-1,1,0,0,1,0,0,0.77,10.93,-24.71
0,0,-1,0,0,0,-1,0,0,0,0,0.88,15.22,-28.24
0,1,1,-1,0,-1,0,0,-1,1,1,0.84,11.06,-22.74
-1,0,-1,1,-1,0,1,0,-1,-1,1,1.05,18.81,-26.64
0,-1,-1,-1,0,1,0,0,1,1,0,1.05,16.58,-24.88
1,0,0,1,0,1,-1,-1,0,0,0,0.68,9.24,-24.91
0,0,1,0,-1,0,0,0,1,1,0,0.88,13.71,-26.6
-1,-1,0,0,1,0,0,-1,1,1,-1,0.83,11.63,-24.6
0,-1,0,1,0,1,0,0,-1,-1,0,0.83,11.51,-23.59
0,0,0,0,0,-1,0,0,-1,1,0,1.09,17.94,-23.51
-1,-1,0,0,-1,1,-1,-1,-1,-1,0,0.82,13.04,-27.17
-1,-1,0,0,0,-1,1,1,0,1,-1,0.96,14.5,-24.68
0,-1,1,0,1,-1,0,0,-1,0,-1,0.63,7.61,-23.24
0,0,1,1,0,0,0,0,0,1,0,0.82,12.58,-25.72
0,0,0,0,0,0,1,0,0,0,0,1.11,19.86,-25.16
0,-1,0,0,-1,0,0,1,0,0,0,0.97,15.87,-27.66
0,0,0,0,0,0,0,1,0,0,-1,1.16,18.11,-24.51
0,0,-1,0,-1,0,-1,0,0,0,1,0.64,9.13,-27.09
-1,-1,0,0,0,0,-1,-1,-1,1,0,0.9,14.03,-26.0
-1,-1,0,1,0,0,0,1,1,0,-1,1.11,17.84,-25.68
-1,-1,0,0,0,-1,0,1,0,1,-1,1.17,20.12,-26.56
0,0,0,-1,-1,0,0,1,0,1,1,0.91,13.82,-25.66
0,-1,0,0,-1,0,0,1,1,0,0,1.09,17.93,-27.81
0,-1,0,0,0,0,0,0,0,1,0,0.95,14.07,-24.14
0,-1,0,0,0,-1,0,1,1,0,-1,1.05,16.27,-25.1
0,0,-1,0,0,0,0,0,1,1,0,0.93,14.14,-25.78
-1,0,-1,0,-1,0,1,1,-1,0,0,0.78,12.39,-28.38
0,-1,-1,-1,0,1,1,0,-1,0,0,1.17,21.21,-26.16
-1,0,0,0,0,0,0,1,0,1,0,0.94,14.21,-25.04
-1,0,-1,1,1,0,1,0,-1,-1,0,1.11,19.35,-25.13
0,0,1,1,-1,1,0,0,0,-1,0,0.74,11.15,-26.87
0,0,0,0,0,1,0,0,-1,0,-1,0.88,12.15,-22.49
0,-1,-1,-1,0,0,-1,0,-1,0,0,1.11,21.04,-26.7
0,0,-1,1,0,0,0,0,-1,1,0,0.7,10.12,-25.86
-1,-1,0,-1,0,1,1,0,-1,0,0,1.24,23.12,-26.25
-1,0,0,0,0,1,-1,-1,0,-1,0,0.68,10.04,-28.52
0,0,0,0,0,0,-1,1,0,0,0,0.87,13.54,-26.5
-1,0,0,0,0,0,0,0,-1,1,0,0.97,15.15,-24.68
0,0,1,0,-1,0,1,0,0,0,0,1.05,18.56,-26.24
1,-1,0,0,1,1,-1,-1,-1,-1,0,0.57,6.44,-19.94
-1,-1,0,0,0,0,1,0,0,-1,-1,1.21,23.63,-27.66
0,0,1,0,1,0,1,0,0,0,0,0.77,10.63,-23.3
-1,-1,0,0,-1,0,1,1,1,0,-1,1.11,19.25,-29.35
0,-1,0,0,0,0,0,1,1,0,0,1.16,17.61,-25.4
0,-1,0,0,-1,1,-1,-1,-1,-1,0,0.73,10.63,-25.82
-1,0,0,0,0,-1,-1,-1,0,1,-1,0.78,11.72,-27.23
0,0,0,0,0,0,0,0,0,0,0,0.88,11.62,-22.5
0,0,1,0,-1,0,0,0,0,0,0,0.76,11.44,-26.89
-1,0,0,1,-1,0,1,0,0,0,1,0.75,11.62,-27.07
-1,-1,1,1,-1,-1,-1,1,0,1,0,1.07,17.62,-27.17
-1,0,0,0,-1,1,-1,-1,0,-1,0,0.66,10.12,-28.78
-1,0,-1,1,-1,0,1,0,-1,-1,0,1.05,19.42,-27.8
0,-1,-1,-1,0,1,0,0,-1,0,0,1.24,24.51,-27.47
-1,-1,1,1,0,0,0,0,0,-1,0,0.85,12.48,-26.11
-1,-1,-1,-1,0,0,0,0,-1,0,-1,1.22,25.39,-29.15
-1,-1,0,0,0,1,-1,1,0,-1,0,1.19,21.24,-27.42
0,-1,0,0,0,0,-1,1,0,0,0,1.1,18.11,-27.18
0,-1,0,0,-1,0,1,1,0,0,0,0.77,11.33,-26.59
-1,0,-1,0,0,0,0,1,-1,-1,-1,0.94,16.11,-28.31
0,-1,0,-1,0,1,0,1,-1,0,0,0.85,12.63,-24.98
-1,-1,0,1,-1,0,1,0,0,-1,0,1.15,21.54,-27.36
-1,-1,0,0,-1,-1,0,1,0,1,-1,1.14,21.12,-29.36
0,-1,-1,-1,0,1,1,1,-1,0,-1,1.0,15.67,-24.87
0,-1,-1,0,0,0,-1,0,0,0,0,1.0,17.26,-28.87
-1,-1,1,0,-1,0,0,1,1,0,0,1.25,21.32,-27.69
0,-1,0,-1,0,1,1,0,0,0,0,1.21,21.98,-24.83
-1,0,0,0,0,0,0,1,0,-1,0,1.1,17.71,-26.58
-1,-1,1,1,-1,0,1,1,0,0,0,0.88,13.65,-25.69
-1,-1,0,0,0,0,1,1,1,0,-1,1.08,16.69,-25.63
-1,-1,-1,0,-1,1,-1,-1,-1,-1,0,0.73,11.31,-27.8
0,-1,0,-1,0,1,0,0,-1,0,0,1.21,22.0,-23.34
-1,-1,-1,0,-1,0,1,0,1,0,-1,1.22,25.08,-29.74
-1,-1,1,-1,0,1,1,0,-1,0,0,1.25,22.63,-25.81
0,0,-1,-1,0,1,1,0,-1,0,0,1.14,20.37,-25.65
1,0,0,0,-1,1,-1,-1,1,-1,0,0.63,7.81,-23.53
0,0,-1,0,0,0,-1,0,-1,0,0,0.81,12.12,-25.85
-1,0,0,0,0,1,-1,-1,0,-1,-1,0.79,11.96,-26.71
0,-1,0,0,-1,0,0,0,0,-1,0,1.15,22.05,-27.69
0,0,0,0,-1,0,0,1,0,0,-1,1.07,17.99,-27.03
-1,0,-1,-1,0,0,0,0,0,0,-1,1.25,26.17,-29.23
-1,-1,-1,-1,0,0,1,0,-1,0,0,1.29,25.43,-28.56
-1,-1,0,0,-1,0,-1,1,0,1,-1,1.23,23.78,-28.42
-1,-1,0,0,0,-1,1,1,1,0,-1,1.01,15.77,-25.68
-1,-1,-1,-1,-1,0,0,0,-1,0,-1,1.12,23.31,-30.48
0,-1,-1,0,-1,1,-1,0,1,-1,0,1.04,17.93,-27.55
-1,-1,-1,0,-1,0,1,1,-1,0,-1,0.97,16.42,-27.91
-1,0,-1,-1,0,0,0,-1,0,0,0,0.76,12.41,-28.06
-1,-1,0,0,-1,-1,1,1,0,1,0,0.89,14.2,-28.82
-1,-1,1,-1,0,0,1,0,-1,0,0,1.13,20.34,-26.77
-1,-1,1,-1,0,0,1,0,0,-1,0,1.04,18.61,-27.0
-1,0,0,0,-1,0,0,1,0,1,-1,1.09,18.64,-27.9
-1,0,-1,0,-1,0,1,1,0,-1,0,0.94,15.68,-28.88
-1,-1,0,0,0,0,1,0,1,0,0,1.24,22.87,-26.62
-1,-1,0,0,-1,-1,-1,1,0,1,-1,1.09,20.07,-29.27
-1,-1,0,1,0,0,1,0,0,-1,0,1.09,19.68,-25.85
-1,0,0,-1,0,1,1,-1,-1,0,0,0.94,13.74,-24.23
-1,0,-1,0,-1,0,1,0,1,0,1,0.67,10.02,-28.66
-1,0,0,0,-1,1,-1,0,0,-1,-1,1.2,25.79,-29.95
0,-1,0,-1,0,1,0,0,0,0,-1,1.26,23.48,-24.88
-1,-1,-1,-1,0,1,1,0,-1,0,0,1.28,25.37,-26.97
0,-1,0,1,-1,1,1,0,-1,0,0,1.1,20.42,-25.83
-1,-1,-1,-1,0,0,-1,0,0,0,-1,1.26,27.25,-30.9
-1,-1,-1,-1,0,0,0,0,-1,0,0,1.25,26.48,-29.97
-1,-1,1,1,-1,0,1,0,-1,0,0,1.09,20.32,-25.97
-1,-1,0,-1,-1,1,1,1,-1,0,-1,0.93,15.07,-26.74
-1,0,1,0,0,0,0,1,0,-1,0,0.81,11.73,-24.74
-1,-1,-1,1,-1,0,1,0,-1,-1,-1,1.14,21.78,-27.18
-1,-1,1,0,0,0,1,0,1,0,0,0.86,13.01,-26.2
0,-1,0,-1,0,1,1,0,-1,0,-1,1.23,22.17,-23.85
0,-1,1,-1,0,1,1,0,-1,0,0,1.31,23.38,-23.83
-1,-1,0,-1,0,0,0,0,0,1,-1,1.35,27.67,-26.92
-1,-1,-1,-1,-1,1,0,0,-1,0,0,1.24,25.66,-29.31
-1,-1,0,-1,0,1,1,0,-1,0,-1,1.23,23.06,-25.21
-1,-1,1,0,-1,0,0,1,1,0,-1,1.18,20.88,-28.56
-1,-1,0,0,0,1,0,0,0,0,0,1.03,17.55,-27.86
0,0,0,0,0,1,-1,0,1,-1,0,0.92,13.43,-25.34
-1,-1,1,0,-1,0,1,0,0,1,0,1.2,23.53,-28.54
-1,-1,-1,0,0,0,1,0,0,0,0,1.12,21.64,-30.28
-1,-1,-1,-1,-1,0,0,1,-1,0,0,0.88,15.46,-29.65
-1,-1,-1,-1,0,1,1,0,-1,-1,0,1.29,25.39,-27.8
0,-1,0,-1,0,1,0,0,0,0,0,0.98,15.21,-24.82
-1,-1,-1,-1,0,1,0,0,-1,0,0,1.37,28.55,-28.87
-1,0,-1,0,-1,-1,0,1,0,0,-1,0.94,16.54,-28.48
-1,-1,1,-1,0,0,1,0,-1,0,-1,1.21,22.36,-25.74
-1,-1,-1,-1,0,0,-1,0,0,0,0,1.24,26.18,-30.23
-1,0,0,0,0,0,1,0,0,-1,0,1.15,20.52,-25.68
0,-1,0,-1,0,0,1,0,1,0,-1,1.17,21.38,-26.08
-1,0,0,-1,-1,1,0,-1,-1,0,0,0.77,11.76,-26.8
-1,-1,0,1,-1,-1,-1,1,0,-1,-1,1.02,17.22,-27.35
-1,0,-1,-1,0,0,0,0,-1,0,-1,1.18,24.11,-29.03
-1,-1,-1,-1,0,1,1,0,0,-1,0,1.14,22.97,-30.21
-1,0,-1,-1,0,1,0,0,0,0,-1,1.23,25.46,-27.86
-1,-1,0,-1,0,-1,-1,1,0,1,-1,0.97,16.68,-27.23
-1,-1,-1,0,0,1,0,0,-1,-1,0,1.24,25.11,-28.97
-1,-1,-1,-1,-1,1,1,1,-1,0,0,0.98,16.7,-28.81
-1,-1,-1,-1,0,0,0,0,0,0,-1,1.2,25.87,-29.92
-1,0,0,0,-1,1,-1,0,1,-1,-1,1.05,19.19,-29.69
-1,-1,-1,-1,0,0,-1,0,-1,0,0,1.19,24.49,-28.26
-1,0,0,0,-1,0,-1,0,0,0,-1,1.21,25.95,-30.47
-1,-1,-1,0,0,0,-1,0,0,0,-1,1.32,28.5,-30.39
-1,-1,-1,-1,0,0,1,0,0,1,0,1.2,22.92,-28.22
0,-1,0,-1,0,1,0,0,0,1,-1,0.9,12.87,-24.08
-1,0,-1,-1,-1,0,0,0,-1,0,-1,1.13,23.3,-29.36
-1,-1,-1,-1,0,0,0,0,-1,-1,0,1.08,21.83,-30.61
-1,0,-1,-1,0,0,-1,0,0,0,-1,1.25,27.0,-29.34
-1,0,0,0,-1,1,-1,0,-1,-1,0,0.76,12.18,-29.24
-1,-1,-1,-1,0,1,1,0,0,-1,-1,1.3,26.89,-28.53
-1,-1,-1,-1,0,1,-1,0,0,0,-1,1.42,31.38,-29.2
1,0,-1,0,-1,0,0,0,0,0,1,0.53,6.24,-22.52
-1,0,-1,0,-1,1,0,1,0,0,1,1.06,18.46,-28.44
-1,0,0,0,1,-1,0,0,0,1,0,0.97,13.49,-22.69
0,-1,-1,1,-1,1,1,1,1,1,-1,0.98,15.59,-27.25
0,0,0,1,1,-1,0,0,1,0,0,1.02,14.53,-23.97
1,0,-1,0,1,1,0,1,0,-1,0,0.68,7.77,-20.98
0,1,0,-1,1,1,0,1,1,0,0,0.84,10.87,-22.77
0,1,0,0,0,0,-1,1,0,0,-1,1.03,15.43,-25.06
1,-1,1,0,0,0,0,0,0,0,1,0.62,7.42,-22.15
0,1,-1,1,0,1,0,-1,0,0,1,0.68,9.56,-25.42
1,1,-1,-1,0,0,0,0,0,0,1,0.51,5.73,-22.0
-1,0,0,0,-1,0,1,0,1,-1,-1,1.14,21.73,-26.88
-1,1,0,-1,0,0,1,0,0,-1,0,1.11,19.45,-25.31
0,-1,1,0,0,0,1,0,0,0,-1,1.04,17.88,-24.33
-1,0,1,-1,-1,1,1,1,-1,1,-1,0.77,10.92,-25.0
0,1,0,0,1,1,1,-1,-1,1,0,0.8,10.61,-22.16
0,-1,0,1,0,0,0,1,1,0,1,0.85,12.2,-24.87
1,-1,-1,0,0,0,-1,1,0,-1,-1,0.92,14.27,-24.25
0,1,0,0,0,0,-1,0,-1,0,1,0.65,8.34,-23.6
-1,0,-1,0,1,-1,1,0,0,1,0,1.36,23.71,-23.28
0,1,-1,-1,-1,-1,0,0,1,0,1,0.72,10.43,-27.21
-1,0,0,0,0,1,-1,-1,0,0,0,0.69,10.53,-28.32
1,1,-1,0,1,0,1,0,0,-1,0,0.78,9.76,-21.94
-1,0,-1,0,1,0,-1,0,1,1,0,1.0,15.24,-25.1
-1,1,0,0,0,0,0,1,-1,0,0,0.93,13.45,-23.08
-1,0,-1,0,1,1,-1,-1,0,0,0,0.81,12.18,-26.59
0,0,-1,1,1,0,-1,0,0,1,1,0.62,8.59,-25.79
0,0,0,0,0,1,1,-1,0,-1,0,0.67,8.26,-22.95
0,0,1,0,-1,0,1,0,-1,0,-1,1.07,18.46,-23.63
-1,1,-1,-1,-1,-1,0,0,1,0,1,0.8,12.54,-25.76
0,0,-1,1,1,0,0,0,0,1,1,0.83,12.2,-24.8
-1,1,0,0,-1,0,1,0,-1,-1,0,0.95,16.54,-26.73
-1,0,-1,1,1,-1,1,0,0,1,0,1.07,16.01,-23.43
-1,1,0,0,0,0,-1,0,-1,0,1,0.68,9.44,-25.66
-1,0,-1,0,-1,1,0,1,0,1,1,0.9,14.62,-26.84
0,0,-1,0,-1,0,1,0,-1,0,-1,1.05,19.4,-27.79
0,-1,-1,0,-1,1,1,1,1,1,-1,1.08,17.0,-25.7
-1,-1,0,-1,0,0,1,0,0,-1,-1,1.28,25.74,-27.06
0,0,0,1,1,-1,-1,0,1,0,0,0.9,12.66,-24.31
-1,0,0,0,0,0,0,1,1,0,-1,1.15,17.84,-24.53
0,1,-1,0,0,1,0,-1,0,0,1,0.67,9.23,-25.1
0,0,0,0,0,1,-1,-1,0,0,0,0.73,10.25,-24.38
-1,0,-1,0,1,-1,1,0,-1,0,-1,1.15,20.28,-25.03
0,0,1,0,0,1,0,0,0,0,0,0.79,11.36,-24.04
-1,0,0,1,0,1,-1,-1,0,0,0,0.7,10.64,-27.99
0,1,1,0,0,0,1,0,0,0,0,0.73,9.92,-23.35
-1,0,0,0,-1,0,1,0,1,0,-1,0.99,17.84,-27.15
0,-1,1,0,0,0,1,0,0,0,0,0.79,11.11,-24.05
-1,0,-1,0,-1,1,0,1,1,1,1,0.94,15.05,-26.65
0,0,-1,1,-1,1,1,1,1,1,0,0.99,15.3,-25.16
-1,-1,0,0,1,0,1,0,0,-1,-1,1.15,19.78,-23.79
-1,0,-1,0,0,-1,1,0,-1,0,-1,1.09,20.21,-27.33
-1,1,0,0,1,0,1,0,-1,-1,0,0.9,12.36,-23.81
-1,0,-1,0,1,0,-1,-1,0,0,0,0.8,11.91,-27.48
-1,0,0,1,1,-1,-1,0,1,1,0,0.95,14.21,-24.95
0,-1,-1,0,-1,0,1,1,1,1,-1,1.03,15.98,-26.31
-1,1,-1,1,-1,-1,0,0,1,0,1,0.54,7.36,-28.27
-1,0,-1,0,1,-1,1,1,1,0,-1,1.07,15.22,-23.72
-1,1,0,-1,0,0,1,0,0,-1,-1,1.1,19.11,-24.94
-1,0,-1,0,1,0,-1,0,0,1,0,0.88,13.87,-26.3
-1,-1,-1,1,1,-1,1,0,0,1,-1,1.21,21.48,-24.0
-1,0,-1,-1,0,-1,1,0,0,1,0,1.15,22.51,-28.62
-1,0,-1,0,-1,0,1,0,1,-1,-1,1.25,25.7,-29.0
-1,-1,-1,0,-1,-1,1,0,0,1,0,1.11,22.39,-30.57
-1,0,1,0,0,1,-1,0,1,1,0,0.83,12.86,-26.59
0,0,-1,1,1,-1,1,0,0,0,0,0.9,12.35,-23.46
-1,0,0,0,-1,1,1,0,1,-1,-1,1.05,18.98,-26.48
0,-1,-1,-1,-1,1,1,1,1,1,-1,1.07,16.79,-26.18
-1,0,0,0,0,0,0,0,0,0,-1,1.24,24.24,-27.81
-1,0,-1,0,1,0,0,0,1,1,0,1.0,15.13,-25.04
-1,0,0,0,-1,0,0,1,1,0,-1,1.13,20.01,-28.61
-1,0,-1,0,-1,-1,0,0,1,0,1,0.76,12.28,-29.67
0,-1,0,-1,0,0,1,0,0,-1,-1,1.23,24.78,-26.11
0,0,-1,-1,-1,-1,1,0,0,1,1,0.97,16.77,-26.26
-1,1,0,0,0,1,-1,0,0,0,0,0.8,11.78,-25.28
-1,0,0,0,0,1,-1,-1,0,1,0,0.79,12.15,-26.42
0,0,-1,0,-1,0,1,0,0,0,-1,1.05,19.5,-27.66
-1,-1,0,-1,-1,0,1,0,0,-1,-1,1.2,24.49,-28.52
-1,0,0,0,-1,0,1,0,1,0,0,1.11,20.84,-28.93
-1,-1,0,0,0,-1,1,0,0,-1,-1,1.27,25.26,-27.7
-1,0,-1,0,0,1,0,0,0,0,1,0.86,13.93,-28.19
-1,1,0,1,-1,0,1,0,1,-1,-1,0.63,8.58,-25.1
-1,-1,-1,0,-1,1,0,1,1,0,1,1.06,18.68,-29.48
-1,0,0,0,-1,0,1,0,-1,0,-1,1.07,20.65,-28.21
-1,1,-1,0,1,-1,-1,0,1,0,0,0.84,12.0,-24.77
-1,0,0,0,-1,0,1,-1,-1,-1,0,0.8,11.87,-25.13
-1,-1,-1,0,1,-1,1,0,0,1,0,1.13,19.65,-24.62
-1,0,-1,0,-1,1,0,0,1,0,1,0.84,13.8,-29.98
-1,-1,-1,1,1,-1,1,0,-1,1,-1,1.25,21.87,-23.2
-1,1,-1,1,0,-1,0,0,1,0,1,0.74,10.53,-26.53
-1,0,-1,0,0,0,0,0,0,-1,-1,1.26,25.87,-28.13
-1,0,-1,-1,1,0,1,0,0,1,0,1.38,25.43,-25.5
-1,1,-1,1,-1,0,0,0,-1,-1,0,1.08,20.61,-27.78
-1,1,0,0,-1,-1,1,0,1,0,1,0.8,11.05,-24.82
-1,0,-1,0,-1,-1,1,0,0,0,1,0.92,16.74,-28.47
0,-1,-1,0,-1,-1,1,1,-1,1,-1,0.86,13.04,-26.29
-1,0,-1,0,-1,0,1,0,0,0,-1,1.11,22.1,-29.39
-1,0,0,0,-1,0,0,1,1,-1,-1,1.03,17.82,-27.19
-1,-1,0,0,1,0,1,0,0,1,-1,0.96,12.89,-22.42
-1,0,-1,0,-1,0,1,1,0,0,1,0.82,12.8,-29.14
-1,0,-1,0,-1,0,1,0,0,-1,-1,1.16,23.76,-29.0
-1,0,0,0,0,0,1,1,0,0,-1,0.99,14.46,-24.03
-1,0,-1,-1,-1,-1,1,0,0,1,0,1.1,21.99,-30.28
0,0,-1,0,-1,-1,0,0,0,0,-1,1.04,19.9,-28.61
-1,0,-1,-1,0,1,0,0,1,1,0,0.91,14.28,-26.29
-1,-1,0,0,0,1,1,0,1,-1,-1,1.19,21.63,-25.69
0,0,-1,0,0,0,0,0,0,-1,-1,1.15,22.84,-28.22
0,-1,0,-1,0,0,1,0,0,0,-1,1.14,21.11,-26.21
-1,-1,0,1,1,-1,1,0,-1,-1,-1,1.04,17.61,-22.97
-1,0,-1,0,-1,1,0,0,1,-1,-1,1.28,27.24,-30.38
-1,0,0,-1,1,0,1,0,1,1,0,1.02,14.05,-22.89
-1,-1,-1,0,-1,0,0,0,1,1,0,1.02,17.74,-29.67
-1,0,-1,0,1,0,1,0,0,1,0,0.83,11.42,-23.31
-1,-1,0,-1,0,0,1,0,0,-1,0,1.17,23.26,-27.2
-1,0,-1,0,-1,1,0,0,1,1,0,0.92,15.42,-28.16
-1,-1,-1,-1,0,-1,1,0,0,1,0,1.22,24.64,-29.51
-1,0,-1,-1,1,0,1,0,0,0,1,1.18,21.32,-25.11
-1,-1,-1,1,-1,-1,0,1,-1,0,1,0.71,10.74,-27.72
-1,0,-1,0,-1,1,0,0,0,-1,-1,1.13,23.85,-31.07
-1,0,0,0,-1,0,1,0,1,-1,0,1.14,21.52,-27.32
-1,0,-1,0,-1,-1,-1,0,0,1,0,0.87,15.16,-30.4
-1,-1,-1,0,-1,-1,1,0,1,1,0,1.05,19.59,-29.34
-1,0,-1,-1,-1,-1,1,0,1,0,0,1.21,25.07,-30.04
-1,0,-1,-1,0,-1,1,0,0,-1,0,1.17,23.38,-27.71
-1,0,-1,0,1,1,1,0,1,1,-1,0.85,11.85,-24.09
-1,0,-1,0,0,0,0,0,1,-1,-1,1.31,26.4,-28.41
-1,-1,-1,0,-1,-1,1,0,1,0,1,1.08,20.3,-29.23
-1,0,-1,0,1,0,0,0,0,1,0,1.03,16.48,-24.89
-1,0,0,0,-1,0,1,0,0,1,0,0.87,16.25,-30.65
-1,-1,0,1,1,-1,1,0,-1,1,-1,1.27,22.07,-22.01
-1,-1,0,-1,-1,0,1,0,0,1,0,1.19,23.14,-28.58
-1,0,0,0,0,0,0,0,0,-1,-1,1.24,24.9,-28.45
0,-1,0,0,0,0,1,0,0,-1,-1,1.16,20.97,-26.53
-1,0,-1,0,-1,1,0,0,0,1,0,0.86,14.58,-28.44
-1,0,-1,-1,-1,0,1,0,0,-1,-1,1.21,25.05,-28.97
-1,0,-1,0,1,-1,1,0,0,0,0,1.23,21.73,-24.05
-1,0,-1,-1,-1,0,1,0,0,1,0,1.15,22.59,-28.89
-1,0,-1,1,1,-1,1,0,1,-1,-1,1.16,20.49,-25.24
0,-1,-1,-1,0,-1,1,0,0,0,-1,1.18,23.52,-28.18
-1,0,-1,0,-1,0,0,0,0,-1,-1,1.22,25.59,-29.27
-1,0,-1,-1,1,0,1,0,0,-1,0,1.08,19.76,-26.59
-1,0,-1,0,-1,-1,-1,0,1,1,0,0.93,16.59,-29.25
-1,-1,-1,0,-1,0,1,0,0,1,0,1.08,21.27,-29.69
-1,0,0,-1,-1,0,1,0,0,1,0,1.21,23.29,-27.92
-1,0,0,0,0,0,0,0,0,1,-1,0.73,10.34,-25.32
-1,0,-1,0,1,0,1,0,1,-1,-1,1.18,20.44,-23.67
-1,-1,0,0,-1,1,0,0,-1,1,-1,1.1,20.93,-28.29
-1,-1,0,1,1,0,1,0,-1,1,-1,1.05,15.31,-23.51
-1,0,0,0,0,1,0,0,0,-1,-1,1.27,24.71,-27.7
-1,-1,-1,0,-1,0,0,0,0,1,0,1.26,26.32,-30.63
-1,0,1,0,-1,0,1,0,0,1,0,0.7,10.23,-27.1
-1,0,-1,0,0,0,1,0,1,-1,-1,1.18,22.55,-27.3
-1,0,-1,0,-1,1,1,0,0,-1,-1,1.15,23.24,-29.93
0,0,0,-1,0,0,1,0,0,1,-1,1.11,18.69,-23.99
-1,0,-1,0,-1,1,-1,0,0,0,0,1.06,19.75,-30.29
-1,0,-1,-1,1,0,0,0,0,1,0,1.06,16.51,-25.48
-1,-1,-1,0,0,0,0,0,0,1,0,1.24,25.47,-29.17
-1,-1,0,0,0,1,1,0,0,-1,-1,1.19,21.5,-25.7
-1,0,1,0,-1,0,0,0,0,-1,0,1.15,23.44,-28.25
0,0,-1,0,0,1,0,0,0,-1,-1,1.25,26.54,-29.24
-1,-1,0,1,0,0,0,0,0,-1,-1,1.19,22.85,-26.75
-1,-1,-1,-1,-1,0,1,0,0,-1,0,1.13,23.46,-30.45
-1,0,0,0,0,1,1,0,0,-1,-1,1.14,20.32,-25.18
-1,-1,-1,-1,-1,-1,1,0,0,1,0,1.1,21.71,-30.09
-1,-1,0,-1,0,0,0,0,0,-1,-1,1.32,28.56,-29.3
-1,0,-1,0,0,0,1,0,0,1,-1,1.07,19.5,-27.03
-1,0,-1,0,-1,1,0,1,1,0,1,1.02,17.35,-28.88
-1,0,-1,-1,1,-1,1,0,0,1,0,1.25,22.03,-25.08
-1,0,-1,-1,0,0,0,0,-1,-1,0,1.08,21.66,-29.01
-1,-1,0,-1,0,1,0,0,1,0,-1,1.13,19.43,-28.45
-1,0,-1,-1,1,1,-1,0,1,0,-1,1.16,18.93,-26.6
-1,0,0,-1,-1,1,0,0,0,0,-1,1.22,25.93,-29.87
-1,-1,-1,-1,-1,0,0,0,1,0,0,1.29,28.08,-30.75
-1,-1,0,0,0,0,0,0,0,0,0,1.3,26.61,-29.51
-1,-1,-1,-1,-1,1,0,0,0,0,-1,1.27,27.22,-30.45
-1,-1,-1,-1,-1,-1,0,1,0,1,1,1.01,17.79,-29.42
-1,0,-1,0,-1,1,0,0,0,0,-1,1.13,23.51,-30.8
-1,-1,0,0,0,0,0,0,0,0,-1,1.35,28.55,-29.72
-1,0,0,0,-1,0,-1,0,0,0,0,0.97,17.73,-30.37
-1,0,-1,0,-1,0,0,0,1,-1,0,1.14,23.61,-30.32
-1,-1,-1,0,0,0,0,0,1,0,0,1.2,21.62,-29.47
-1,-1,0,0,0,1,-1,0,0,-1,0,1.13,19.98,-28.58
-1,-1,-1,0,-1,0,0,0,1,-1,0,1.23,25.59,-29.18
-1,-1,-1,0,-1,0,0,0,0,0,-1,1.21,25.75,-30.68
-1,0,-1,-1,-1,1,-1,0,1,0,-1,1.1,20.32,-29.92
-1,-1,-1,0,0,1,0,0,0,-1,-1,1.24,26.59,-30.62
-1,-1,-1,-1,-1,0,0,0,0,0,-1,1.23,27.45,-32.19
-1,0,-1,0,-1,1,0,0,0,0,0,0.93,16.46,-30.07
-1,-1,0,0,0,1,0,0,1,-1,-1,1.36,27.34,-28.04
-1,0,0,0,-1,0,0,0,1,0,0,0.93,16.26,-30.17
-1,-1,-1,0,-1,1,0,0,0,0,-1,1.18,24.66,-30.69
-1,-1,0,-1,-1,0,-1,0,1,0,-1,1.35,28.64,-29.06
-1,0,0,0,-1,1,0,0,0,-1,-1,1.2,25.43,-30.61
-1,-1,0,0,-1,0,0,0,1,-1,0,1.22,25.09,-30.01
-1,0,-1,-1,-1,0,0,0,1,0,0,1.28,27.63,-30.54
-1,0,-1,-1,-1,0,0,0,0,0,0,1.13,24.0,-31.37
-1,0,0,-1,-1,1,-1,-1,0,0,-1,0.76,12.75,-29.99
-1,-1,0,0,-1,1,0,0,1,0,-1,1.22,21.95,-28.64
-1,0,-1,0,-1,1,1,0,0,1,-1,1.1,21.05,-29.2
-1,-1,0,0,0,0,-1,0,1,-1,0,1.03,17.77,-27.22
-1,-1,-1,0,-1,0,0,0,1,0,-1,1.3,28.44,-31.61
-1,-1,-1,-1,-1,0,0,0,1,0,-1,1.23,26.42,-30.46
-1,-1,-1,-1,-1,0,-1,0,1,0,-1,1.3,28.13,-29.37
-1,-1,-1,0,0,0,0,0,1,-1,0,1.2,24.68,-30.76
-1,-1,-1,0,-1,0,0,0,0,0,0,1.27,27.39,-30.39
-1,0,0,0,0,1,0,0,1,-1,-1,0.96,14.57,-25.16
-1,-1,-1,0,-1,1,0,0,1,-1,0,1.33,28.5,-30.73
-1,0,0,0,-1,1,0,0,0,0,-1,1.11,22.22,-29.36
-1,-1,-1,-1,-1,1,-1,0,0,0,0,1.01,18.83,-29.98
-1,0,-1,0,-1,0,0,0,1,0,-1,1.26,26.91,-30.33
-1,-1,-1,-1,0,0,0,0,0,1,-1,1.33,28.56,-30.04
-1,-1,-1,-1,0,1,0,0,0,-1,-1,1.24,26.86,-31.19
-1,-1,0,0,-1,0,0,0,1,-1,-1,1.26,26.24,-29.15
-1,-1,-1,0,-1,1,1,0,1,-1,-1,1.25,25.55,-28.02
-1,-1,0,-1,0,0,0,0,1,-1,0,1.35,29.01,-29.17
-1,-1,0,0,0,0,0,0,1,0,-1,1.41,28.8,-28.98
-1,-1,-1,0,0,0,0,0,-1,0,0,1.17,23.25,-29.17
-1,-1,-1,0,0,0,1,0,0,0,-1,1.23,24.55,-28.7
-1,-1,-1,0,0,1,-1,0,0,0,-1,1.09,20.18,-29.42
-1,0,-1,-1,0,1,0,0,0,0,0,1.05,19.66,-29.68
0,-1,1,-1,0,0,1,0,-1,0,0,1.09,18.84,-25.67
-1,0,0,-1,0,0,-1,0,0,0,-1,0.91,15.41,-28.34
-1,-1,-1,-1,0,0,1,0,0,-1,1,0.93,16.69,-28.65
-1,-1,-1,-1,0,1,-1,0,0,-1,0,1.22,25.72,-29.71
-1,0,0,-1,-1,0,-1,0,0,0,-1,1.17,24.84,-29.79
-1,-1,-1,-1,0,0,0,0,-1,-1,-1,1.15,23.47,-29.79
-1,0,-1,0,-1,1,-1,0,0,0,-1,1.01,18.69,-29.75
-1,-1,0,0,-1,0,-1,0,0,0,-1,1.28,27.83,-30.4
-1,-1,-1,-1,0,0,0,0,0,-1,0,1.14,23.59,-30.22
-1,-1,0,0,0,1,-1,0,0,0,-1,1.07,19.12,-28.3
-1,-1,-1,0,0,0,0,0,-1,0,-1,1.22,24.58,-27.78
-1,-1,0,0,-1,0,1,0,0,0,-1,1.2,24.22,-29.36
-1,-1,1,-1,0,0,-1,0,-1,0,-1,1.25,25.4,-27.34
-1,-1,-1,0,0,0,-1,0,0,0,0,1.05,18.72,-29.1
-1,-1,-1,0,0,0,-1,0,-1,0,-1,1.12,22.38,-29.02
-1,0,-1,-1,-1,1,0,0,-1,-1,0,1.02,19.87,-28.44
-1,-1,-1,-1,-1,0,1,0,0,0,0,1.11,22.27,-29.82
-1,-1,-1,-1,0,1,-1,0,-1,0,0,0.96,16.66,-28.08
0,-1,-1,-1,0,1,1,0,0,0,0,1.17,21.34,-25.78
-1,0,-1,-1,0,0,0,0,-1,0,0,1.13,22.54,-28.09
-1,-1,-1,-1,-1,1,0,0,-1,0,-1,1.18,24.15,-29.83
-1,-1,0,-1,0,1,0,0,0,1,-1,0.9,13.85,-25.31
-1,0,-1,-1,0,0,0,0,0,-1,-1,1.2,26.23,-31.27
-1,-1,-1,-1,-1,1,1,0,0,-1,-1,1.2,24.69,-29.55
-1,-1,-1,0,-1,0,-1,0,0,0,-1,1.18,25.27,-31.37
0,-1,0,0,-1,0,-1,0,0,0,-1,1.01,17.67,-28.64
-1,-1,-1,-1,0,1,0,0,-1,0,-1,1.3,26.75,-27.65
-1,-1,0,-1,0,0,1,0,0,1,-1,1.24,23.09,-26.54
-1,-1,-1,0,0,1,1,0,0,0,0,1.12,21.92,-28.62
-1,-1,-1,-1,0,1,1,0,0,0,0,1.27,24.61,-27.66
-1,-1,0,0,-1,0,-1,0,1,0,-1,1.12,21.2,-29.76
-1,-1,0,-1,-1,0,-1,0,-1,0,-1,1.13,23.66,-29.83
-1,-1,-1,-1,-1,0,0,0,-1,-1,0,1.12,22.71,-30.09
-1,-1,-1,0,0,0,0,0,0,0,0,1.27,27.38,-30.92
-1,-1,-1,-1,-1,1,1,0,-1,-1,0,1.19,23.77,-30.14
-1,-1,-1,-1,0,1,0,0,0,-1,0,1.29,26.92,-29.6
-1,-1,0,-1,0,0,-1,0,0,0,-1,1.32,28.67,-28.87
-1,-1,-1,-1,0,1,0,0,-1,-1,0,1.28,26.65,-28.8
-1,-1,0,-1,0,0,0,0,-1,1,0,1.28,25.87,-26.44
-1,-1,-1,-1,0,0,-1,0,-1,0,-1,1.12,22.82,-29.7
-1,0,-1,0,-1,0,-1,0,0,0,-1,1.22,25.81,-29.34
-1,-1,-1,-1,0,1,0,0,1,1,-1,1.14,18.95,-26.82
-1,-1,1,-1,0,1,0,0,-1,0,-1,1.33,25.62,-25.41
-1,-1,-1,-1,0,0,1,0,0,0,-1,1.27,25.89,-28.98
-1,-1,-1,0,0,0,0,0,0,1,-1,1.22,25.04,-28.72
-1,-1,-1,0,-1,0,0,0,0,1,-1,1.15,23.81,-30.86
-1,-1,-1,0,-1,0,0,0,0,-1,-1,1.2,25.87,-30.53
-1,-1,0,-1,0,-1,0,0,0,-1,-1,1.23,25.78,-27.84
-1,0,-1,-1,-1,-1,1,0,1,-1,0,1.13,23.03,-28.02
-1,0,-1,0,-1,1,0,0,1,1,-1,1.0,16.83,-27.87
0,0,0,0,0,1,0,0,0,-1,-1,1.15,20.02,-24.9
-1,0,0,0,-1,0,1,0,0,1,-1,0.99,18.07,-28.61
-1,0,0,0,1,1,1,0,0,-1,-1,0.84,11.04,-22.51
-1,0,0,0,0,1,0,0,0,-1,0,0.73,10.54,-26.41
-1,0,-1,0,0,0,0,0,0,-1,0,1.16,23.43,-28.71
-1,-1,-1,0,-1,1,1,0,1,1,0,0.89,14.61,-29.02
-1,0,-1,0,0,0,0,0,1,0,-1,1.29,25.61,-27.96
-1,0,0,0,-1,0,1,0,0,-1,0,1.07,20.02,-27.4
-1,0,-1,0,0,1,0,0,0,-1,0,1.14,24.28,-32.42
-1,0,0,0,-1,-1,1,0,0,1,0,0.93,16.71,-27.47
-1,-1,0,-1,0,0,0,0,0,-1,0,1.21,24.9,-28.64
-1,0,-1,0,-1,0,0,0,0,1,-1,1.08,22.13,-31.31
-1,-1,-1,-1,0,-1,1,0,0,-1,0,1.11,22.41,-29.01
-1,0,-1,-1,1,1,1,0,0,1,0,0.95,14.0,-23.96
-1,0,-1,0,0,-1,-1,0,0,-1,-1,1.16,23.55,-29.53
-1,-1,-1,0,0,0,0,0,1,-1,-1,1.29,26.33,-28.91
-1,0,-1,0,-1,1,-1,0,1,-1,-1,0.95,17.4,-29.8
-1,0,-1,0,0,1,0,0,0,-1,-1,1.22,25.31,-30.31
-1,-1,-1,0,-1,-1,0,0,0,-1,-1,1.21,25.13,-29.16
-1,-1,-1,0,0,0,0,0,1,0,-1,1.4,30.11,-30.11
-1,-1,0,-1,0,-1,0,0,0,1,-1,1.3,27.13,-27.72
-1,-1,0,-1,0,0,1,0,0,1,0,1.23,22.81,-26.73
-1,0,0,-1,0,0,0,0,0,-1,-1,1.29,27.06,-28.69
-1,0,0,0,-1,0,0,0,0,1,0,0.81,13.81,-30.81
-1,0,-1,0,0,-1,-1,0,0,1,0,0.98,17.3,-28.82
-1,-1,-1,0,-1,-1,0,0,0,1,-1,1.18,24.87,-30.76
-1,-1,-1,0,-1,-1,0,0,0,0,0,1.17,24.3,-30.3
-1,-1,-1,0,-1,1,0,0,-1,-1,-1,1.24,25.48,-29.57
-1,-1,-1,-1,1,0,1,0,0,1,0,1.29,23.64,-26.18
-1,0,-1,1,0,1,0,0,0,-1,0,0.62,9.1,-27.89
-1,-1,-1,0,-1,-1,1,0,1,0,0,1.23,24.75,-29.67
-1,-1,0,-1,-1,0,0,0,0,-1,-1,1.17,24.99,-30.47
-1,-1,-1,0,-1,0,0,0,1,-1,-1,1.24,25.7,-29.16
-1,0,-1,-1,-1,0,1,0,0,-1,0,1.06,21.22,-29.08
-1,-1,-1,0,-1,1,0,0,0,1,-1,1.18,23.01,-28.36
-1,-1,-1,0,-1,0,0,0,0,-1,0,1.21,25.13,-29.53
-1,-1,-1,0,0,-1,0,0,0,0,-1,1.26,26.32,-29.28
-1,-1,0,-1,-1,0,0,0,0,0,-1,1.17,25.23,-31.41
-1,-1,0,-1,-1,-1,0,0,1,0,-1,1.22,25.33,-29.2
-1,0,-1,0,-1,-1,1,0,0,1,-1,1.04,20.68,-29.49
-1,0,0,0,-1,0,0,0,0,-1,-1,1.23,25.83,-28.78
-1,0,0,-1,0,-1,0,0,0,1,-1,1.3,26.11,-28.48
-1,-1,-1,1,-1,0,0,0,0,-1,-1,1.18,23.08,-28.48
-1,0,-1,-1,1,0,1,0,1,-1,0,1.29,23.96,-24.69
-1,-1,-1,0,-1,0,0,0,1,1,-1,1.13,20.96,-29.59
-1,0,0,0,-1,0,0,0,0,-1,0,1.16,23.78,-29.35
-1,-1,-1,0,0,-1,1,0,0,1,0,1.11,21.13,-28.34
0,-1,-1,0,0,1,0,0,0,-1,0,1.12,22.19,-30.15
-1,-1,0,0,-1,0,0,0,0,0,-1,1.24,26.91,-30.26
0,1,-1,-1,-1,-1,1,0,0,-1,0,0.94,17.19,-26.92
0,-1,0,0,0,0,-1,0,0,0,1,0.65,8.8,-25.02
0,-1,-1,0,-1,0,1,0,0,0,0,1.03,18.43,-27.43
0,1,0,1,1,-1,-1,-1,-1,-1,0,0.49,5.7,-22.31
-1,0,1,-1,1,0,-1,0,0,1,0,0.88,12.75,-24.56
1,0,-1,1,1,1,0,0,1,0,1,0.76,10.22,-23.68
1,0,1,1,-1,1,0,1,0,1,0,0.9,12.75,-22.75
-1,1,-1,0,1,1,0,0,0,0,0,0.96,13.72,-23.18
0,1,1,1,-1,0,-1,0,0,1,0,0.62,8.98,-26.81
-1,-1,1,0,-1,-1,0,-1,1,0,-1,1.0,16.98,-28.44
-1,1,0,0,1,1,1,1,0,-1,1,0.76,10.37,-23.59
0,0,1,-1,0,-1,0,-1,-1,-1,0,0.55,6.89,-24.66
0,0,1,0,0,1,-1,1,-1,1,-1,0.76,10.72,-23.68
1,0,1,-1,0,1,0,0,0,0,0,0.61,7.43,-21.85
0,1,-1,0,1,1,0,0,0,-1,0,1.06,14.61,-22.15
0,0,-1,1,1,0,0,0,1,0,-1,0.85,11.88,-23.83
1,1,1,0,0,0,1,1,-1,-1,0,0.57,6.8,-23.52
1,1,-1,0,0,1,1,1,0,0,0,0.84,10.59,-21.04
-1,1,1,1,1,0,1,1,1,-1,0,0.82,11.47,-23.74
-1,1,0,-1,0,0,0,-1,0,0,1,0.68,9.2,-25.41
-1,1,0,0,-1,-1,1,0,0,-1,1,0.92,15.57,-26.17
-1,-1,1,-1,-1,-1,1,1,1,0,-1,1.05,17.34,-26.11
-1,0,0,0,-1,0,0,0,0,-1,1,0.99,18.25,-27.65
0,-1,0,0,1,0,-1,0,1,-1,0,0.94,13.39,-24.3
0,1,0,0,1,1,0,0,-1,0,1,0.81,11.06,-23.13
1,0,1,1,-1,1,0,1,1,1,0,0.97,14.27,-22.9
1,1,0,-1,-1,1,0,0,0,0,-1,0.54,6.6,-22.58
0,1,0,0,-1,-1,0,1,0,-1,-1,0.85,14.04,-27.4
0,-1,-1,0,1,-1,-1,0,1,0,1,0.77,10.57,-24.61
-1,0,0,0,0,0,0,1,1,0,0,1.33,21.16,-25.08
-1,0,1,-1,-1,0,-1,0,1,1,0,0.88,14.19,-28.5
0,1,0,0,-1,-1,-1,1,-1,0,1,0.47,5.56,-24.34
-1,-1,-1,0,0,1,-1,0,1,-1,-1,1.19,22.69,-30.78
-1,0,-1,1,0,0,-1,0,0,-1,0,0.8,12.8,-28.83
0,0,-1,0,0,1,0,1,-1,-1,0,0.91,13.0,-25.15
0,0,1,0,0,1,1,1,0,1,-1,0.96,13.14,-22.69
-1,-1,0,0,-1,-1,0,0,1,0,0,1.25,25.69,-30.28
-1,1,-1,1,1,1,-1,1,0,0,1,0.87,12.8,-25.37
0,0,-1,-1,1,1,0,0,0,0,0,1.01,14.43,-23.23
0,1,-1,-1,1,1,1,1,0,-1,0,1.03,14.26,-23.05
0,0,1,0,0,-1,0,-1,0,0,1,0.56,7.08,-24.81
-1,1,-1,1,1,-1,-1,1,0,1,1,0.9,13.17,-24.31
0,0,1,-1,0,-1,-1,-1,-1,0,0,0.53,6.76,-24.96
1,0,-1,1,0,1,0,0,1,0,1,0.77,10.6,-24.29
0,0,-1,-1,1,1,0,0,0,0,-1,0.89,11.86,-22.94
0,0,0,0,0,0,1,1,0,1,0,1.02,14.22,-22.85
-1,-1,-1,0,0,0,-1,0,1,-1,-1,1.27,25.86,-29.67
0,0,1,1,-1,0,-1,-1,0,0,-1,0.71,10.49,-26.05
-1,0,1,-1,0,0,1,0,0,1,0,0.89,12.53,-24.48
0,0,1,0,0,-1,1,1,1,1,0,1.04,14.75,-22.86
0,1,-1,1,0,0,0,0,0,0,0,0.69,9.82,-25.19
0,0,0,0,-1,-1,1,0,0,0,-1,1.15,21.18,-26.09
1,1,0,-1,-1,0,0,0,0,0,-1,0.52,6.67,-24.96
0,1,-1,0,1,1,0,0,0,0,0,0.84,11.01,-21.41
0,0,0,0,0,-1,0,0,0,0,-1,1.21,22.63,-25.57
1,0,-1,0,-1,0,0,0,-1,0,0,0.91,14.76,-23.61
0,1,-1,-1,-1,-1,1,-1,0,-1,-1,0.62,9.27,-26.73
-1,1,-1,0,1,-1,0,0,0,0,0,0.7,9.07,-23.96
1,0,1,-1,0,1,0,0,0,0,1,0.81,10.65,-22.33
-1,0,1,0,0,-1,0,-1,1,0,-1,0.7,9.37,-23.62
0,0,-1,-1,0,0,1,0,1,0,0,1.06,18.77,-25.89
0,0,1,1,-1,-1,-1,0,0,0,0,0.66,8.87,-25.17
-1,-1,0,0,0,0,-1,0,1,-1,-1,0.97,16.76,-28.53
-1,-1,1,0,0,-1,-1,0,1,-1,-1,1.02,17.29,-27.03
0,0,0,0,-1,-1,1,0,0,-1,-1,1.07,20.55,-28.08
-1,0,0,0,0,0,-1,0,0,1,-1,0.89,14.35,-27.98
0,0,0,0,-1,0,0,0,0,-1,1,0.26,2.28,-24.25
0,0,1,0,0,1,1,1,0,0,-1,0.89,12.33,-23.85
-1,0,-1,-1,1,1,0,0,0,0,0,1.08,16.45,-24.38
1,-1,-1,0,-1,0,1,0,1,0,0,0.7,9.47,-25.02
-1,1,1,-1,0,-1,0,1,1,1,0,0.98,14.11,-24.24
0,0,-1,-1,1,0,1,1,-1,-1,0,0.84,11.81,-24.97
0,1,-1,-1,-1,1,1,0,0,-1,0,0.98,16.74,-24.4
1,0,0,0,0,0,1,0,1,1,0,0.88,11.37,-22.06
0,-1,1,0,0,-1,-1,0,1,1,0,0.88,12.45,-23.91
-1,-1,1,-1,-1,0,-1,0,1,0,0,1.02,18.76,-30.38
0,0,0,0,0,-1,-1,0,0,0,-1,0.78,12.37,-27.35
0,0,-1,0,0,0,-1,1,1,1,0,1.14,18.91,-27.7
-1,-1,-1,0,-1,-1,0,-1,1,-1,-1,0.81,13.66,-28.17
0,0,-1,0,0,-1,0,-1,0,0,-1,0.61,8.12,-24.12
1,0,0,-1,-1,1,1,0,1,-1,0,0.7,8.98,-23.55
-1,0,-1,0,1,1,0,0,0,0,0,0.99,15.41,-24.35
-1,-1,0,0,-1,1,0,1,1,0,0,1.17,20.67,-29.91
-1,-1,0,0,-1,0,0,-1,1,0,-1,0.95,16.7,-28.91
-1,-1,-1,0,0,1,0,0,1,-1,-1,1.36,28.95,-30.19
-1,-1,-1,-1,-1,1,1,1,1,0,-1,1.05,18.51,-29.58
-1,1,0,0,-1,-1,1,0,0,0,1,0.94,16.47,-26.5
-1,0,1,-1,-1,-1,0,0,1,0,0,1.08,20.81,-28.33
-1,1,-1,-1,-1,-1,1,-1,0,-1,-1,0.73,11.43,-26.43
-1,0,0,0,-1,1,-1,0,0,1,1,0.83,13.63,-28.63
0,0,-1,1,0,0,-1,0,0,-1,1,0.34,3.54,-25.9
0,0,-1,0,1,1,1,0,0,-1,0,0.93,12.15,-21.91
1,0,-1,0,-1,1,0,0,0,0,0,0.73,10.01,-24.66
0,-1,1,1,0,-1,1,-1,1,0,1,0.69,9.33,-25.4
-1,0,-1,-1,0,0,0,1,1,0,0,1.06,17.83,-27.59
0,0,0,0,1,0,1,0,1,-1,0,0.85,11.41,-22.93
0,0,-1,0,-1,0,1,0,0,1,0,1.02,18.76,-28.39
-1,0,-1,1,-1,0,1,0,0,-1,0,1.02,18.67,-28.02
-1,-1,0,0,0,0,-1,0,1,0,-1,1.13,20.15,-28.43
-1,1,0,-1,-1,0,1,1,1,-1,0,0.81,12.17,-25.35
1,0,0,1,-1,1,0,1,0,1,-1,0.82,11.59,-23.81
0,-1,0,-1,-1,-1,0,0,1,0,0,1.17,23.13,-28.85
-1,-1,0,0,0,-1,0,0,0,-1,-1,1.3,27.07,-28.22
-1,-1,-1,0,0,0,0,1,1,0,-1,1.21,21.22,-28.39
-1,-1,1,0,0,-1,-1,-1,1,0,-1,0.99,16.33,-26.78
0,0,-1,0,0,0,1,0,1,0,0,0.7,9.1,-24.13
-1,-1,1,0,-1,-1,0,-1,1,-1,-1,0.9,15.39,-28.17
-1,-1,0,0,-1,-1,0,1,1,-1,0,0.93,15.21,-27.54
-1,0,0,-1,-1,1,0,1,1,0,0,1.15,20.42,-28.75
0,1,-1,-1,1,1,1,1,0,-1,-1,0.92,12.19,-22.25
-1,-1,0,1,-1,1,0,1,1,0,0,1.03,17.29,-28.35
-1,0,-1,-1,1,0,-1,0,0,0,0,1.07,18.8,-27.01
-1,0,1,-1,-1,-1,0,0,1,0,-1,1.22,24.89,-28.14
0,-1,0,0,-1,-1,0,0,1,-1,0,1.14,22.4,-29.51
-1,0,1,0,-1,0,-1,0,1,1,-1,0.98,16.4,-28.7
0,0,0,0,0,-1,1,1,1,0,0,0.84,11.24,-23.33
-1,0,0,1,0,0,-1,0,0,0,0,0.76,11.5,-27.46
0,-1,-1,0,0,0,-1,0,1,-1,-1,0.91,14.7,-26.88
-1,-1,-1,-1,-1,0,1,1,1,0,0,0.98,17.54,-30.19
-1,0,-1,-1,0,0,-1,0,1,0,0,1.03,18.87,-29.52
-1,-1,1,0,-1,-1,0,0,1,-1,-1,1.2,24.81,-29.48
-1,-1,0,-1,-1,0,0,-1,1,0,-1,0.92,16.65,-28.96
-1,-1,-1,-1,-1,0,-1,0,1,0,0,0.95,17.18,-30.17
0,-1,0,-1,-1,1,0,0,1,0,0,1.05,17.77,-27.6
0,0,-1,0,0,0,1,0,0,1,0,0.7,9.68,-25.21
0,0,0,0,0,-1,0,0,0,0,0,1.02,18.3,-26.22
-1,0,-1,0,0,0,-1,0,0,-1,0,0.74,12.0,-28.61
-1,-1,1,-1,-1,1,0,0,1,0,0,1.07,18.48,-29.56
0,0,0,0,-1,-1,1,0,0,-1,0,0.96,16.97,-27.84
-1,-1,-1,-1,0,1,-1,0,1,0,-1,1.15,21.09,-28.89
-1,-1,1,-1,-1,-1,0,-1,1,0,0,0.66,10.09,-27.36
0,0,1,0,-1,-1,1,0,0,1,-1,1.03,17.55,-24.31
-1,0,-1,0,-1,0,-1,0,0,-1,1,0.75,11.93,-28.47
-1,0,-1,-1,0,1,1,0,1,0,-1,1.18,21.43,-27.17
0,-1,1,-1,0,-1,1,1,1,1,0,0.92,12.68,-23.94
-1,0,1,0,-1,0,-1,0,1,0,0,0.92,15.42,-28.87
-1,-1,-1,0,0,1,-1,0,0,-1,-1,1.32,28.36,-29.95
-1,-1,1,-1,-1,-1,-1,0,1,0,0,0.94,16.5,-28.71
-1,0,1,0,-1,-1,0,0,1,0,-1,1.19,23.15,-27.9
0,0,0,0,-1,-1,1,0,1,0,-1,1.12,20.18,-26.05
-1,0,0,0,-1,0,0,0,1,-1,0,1.22,25.21,-29.37
-1,0,-1,0,-1,-1,1,0,0,-1,-1,1.17,23.76,-28.74
-1,-1,-1,-1,-1,1,1,0,1,0,-1,1.29,26.45,-28.93
-1,0,1,0,-1,1,-1,0,0,1,1,0.76,11.76,-27.84
-1,-1,-1,-1,-1,0,1,0,1,0,0,1.28,26.61,-30.11
-1,0,0,0,0,1,-1,0,1,-1,-1,1.06,18.43,-27.38
-1,0,0,0,-1,-1,1,0,1,0,-1,1.12,21.86,-28.48
0,0,-1,-1,-1,-1,-1,0,1,0,0,0.77,12.34,-25.98
-1,0,-1,0,0,0,0,0,0,0,0,1.01,20.5,-31.18
-1,0,0,0,0,0,-1,-1,1,0,0,0.77,11.78,-27.37
-1,-1,0,0,0,1,0,0,1,-1,0,1.14,19.05,-27.69
-1,-1,-1,1,0,0,-1,0,1,0,-1,1.04,18.31,-29.11
-1,-1,0,0,0,0,1,0,1,-1,-1,1.25,23.75,-26.35
0,0,0,0,0,0,0,0,0,0,-1,1.18,21.03,-25.53
-1,0,0,0,-1,0,0,0,0,0,1,0.66,10.26,-28.77
-1,-1,-1,-1,0,0,-1,1,1,0,0,1.1,19.58,-28.87
0,-1,0,0,0,0,-1,0,0,-1,-1,0.9,14.53,-26.89
-1,0,0,0,0,0,0,-1,1,0,-1,0.69,9.2,-24.46
-1,-1,0,0,-1,-1,0,0,1,-1,-1,1.24,25.56,-28.62
-1,-1,0,-1,0,1,-1,1,0,-1,-1,1.05,19.05,-29.47
0,-1,0,0,-1,-1,0,-1,1,0,0,0.68,9.69,-25.71
-1,-1,0,0,0,0,-1,1,1,0,-1,1.25,22.95,-27.96
0,-1,-1,0,-1,-1,1,0,0,-1,-1,1.12,21.49,-27.83
0,-1,0,0,-1,1,0,1,0,0,0,1.14,19.24,-28.47
-1,-1,0,0,1,0,0,0,0,0,0,1.06,15.16,-22.97
-1,0,0,-1,0,0,0,1,1,-1,0,1.13,18.59,-25.9
0,-1,-1,0,-1,0,0,1,1,1,-1,1.2,20.93,-28.19
-1,0,-1,-1,0,1,-1,0,0,-1,0,0.89,16.03,-29.43
-1,0,0,-1,0,0,0,0,1,0,1,0.94,14.69,-26.76
-1,-1,1,-1,-1,1,-1,0,0,0,0,1.11,20.34,-28.22
-1,-1,0,0,-1,0,-1,0,0,0,1,0.79,12.71,-28.49
-1,-1,0,0,0,-1,0,0,1,0,0,1.39,27.26,-29.18
-1,0,0,0,0,0,0,0,0,0,0,0.63,9.85,-28.63
-1,-1,-1,-1,-1,0,1,1,1,-1,0,1.04,18.55,-28.26
-1,-1,0,0,-1,-1,0,0,0,-1,0,1.18,24.47,-28.24
-1,-1,-1,-1,0,0,0,1,1,0,0,1.14,20.16,-28.87
-1,-1,0,0,-1,-1,0,0,0,-1,-1,1.17,24.14,-29.23
-1,-1,-1,0,0,0,1,0,1,-1,-1,1.32,27.05,-28.75
-1,0,-1,-1,-1,-1,0,0,1,0,-1,1.21,25.13,-28.52
-1,-1,0,-1,0,-1,0,0,1,-1,-1,1.27,26.4,-27.84
0,-1,0,0,-1,-1,0,0,1,-1,-1,1.21,23.85,-27.78
-1,-1,-1,-1,-1,1,-1,0,1,0,0,1.06,19.82,-29.44
-1,0,-1,-1,-1,0,-1,0,1,0,0,0.96,17.48,-30.18
-1,-1,1,0,-1,-1,0,0,1,0,-1,1.24,25.29,-29.35
-1,-1,-1,0,0,1,-1,1,1,0,-1,1.22,22.0,-29.51
-1,-1,0,-1,-1,-1,0,0,0,-1,-1,1.23,25.8,-29.11
-1,0,-1,0,0,0,0,1,1,0,0,1.22,20.79,-27.44
-1,0,0,0,0,0,0,0,1,-1,0,1.0,15.54,-26.86
-1,-1,-1,0,0,0,-1,1,1,0,-1,1.24,22.31,-28.19
0,0,1,-1,-1,0,-1,0,1,0,0,0.82,12.95,-27.13
-1,-1,0,-1,-1,-1,0,0,1,0,0,1.2,25.21,-29.94
-1,0,1,0,0,0,0,1,0,0,0,0.87,13.13,-24.34
-1,-1,-1,-1,-1,0,-1,0,0,0,0,1.22,25.8,-30.74
-1,-1,-1,0,-1,0,1,0,1,1,-1,1.14,22.05,-28.72
-1,0,1,-1,-1,0,1,0,1,0,-1,1.18,20.93,-25.25
-1,0,0,-1,0,1,0,1,1,0,0,1.11,18.03,-26.88
-1,0,0,0,-1,-1,0,0,1,-1,-1,1.15,23.15,-28.88
-1,0,-1,-1,0,1,0,0,0,-1,0,1.23,25.4,-28.51
-1,-1,-1,0,0,1,1,0,1,-1,-1,1.18,22.74,-26.94
-1,-1,-1,-1,-1,0,-1,0,1,-1,0,1.17,24.24,-29.9
-1,0,-1,-1,0,1,0,0,1,-1,-1,1.28,26.99,-28.03
-1,0,-1,-1,0,0,-1,0,1,-1,0,0.85,14.36,-28.27
-1,-1,0,0,0,-1,0,0,0,0,0,1.22,24.75,-29.42
-1,-1,-1,-1,-1,0,-1,0,0,0,-1,1.17,24.92,-31.48
-1,0,-1,0,0,1,0,0,1,-1,-1,1.26,25.08,-28.8
-1,-1,0,-1,-1,1,0,1,1,0,0,1.2,21.89,-29.11
-1,0,0,0,-1,-1,0,1,1,0,0,0.99,16.13,-25.79
-1,-1,-1,0,-1,1,1,0,1,0,-1,1.16,22.44,-28.44
0,-1,-1,-1,0,1,0,0,0,-1,0,1.19,24.46,-27.69
-1,-1,0,-1,-1,0,0,0,1,0,-1,1.31,28.1,-29.89
-1,-1,-1,0,0,1,0,0,0,0,-1,1.33,27.41,-28.89
-1,-1,-1,0,-1,-1,0,0,1,-1,-1,1.19,24.38,-28.91
-1,-1,-1,-1,0,1,0,0,1,-1,-1,1.32,28.53,-30.14
-1,-1,0,0,-1,-1,0,0,1,-1,0,1.18,23.84,-29.08
-1,-1,-1,-1,0,0,-1,0,1,0,0,1.07,19.72,-29.8
-1,-1,-1,-1,0,1,-1,0,0,-1,-1,1.21,25.9,-31.14
-1,0,-1,-1,-1,0,1,0,1,0,0,1.16,23.38,-30.27
-1,-1,0,-1,0,1,0,0,1,-1,-1,1.39,30.22,-28.72
-1,-1,0,0,-1,-1,0,1,1,0,0,1.06,17.76,-26.66
-1,-1,-1,-1,-1,-1,1,1,1,0,0,0.93,16.07,-29.28
-1,-1,-1,0,-1,0,-1,0,1,1,-1,1.11,20.57,-29.01
-1,0,1,-1,-1,0,0,0,1,0,0,0.89,14.3,-28.42
-1,0,-1,-1,0,1,0,0,1,0,-1,1.05,18.36,-28.47
-1,-1,-1,-1,-1,-1,0,0,1,0,-1,1.19,24.79,-30.23
-1,-1,-1,-1,0,0,0,0,1,0,-1,1.37,29.74,-30.58
-1,-1,-1,-1,0,0,1,0,0,-1,-1,1.21,24.72,-28.28
-1,0,-1,0,0,0,0,0,0,0,-1,1.21,25.14,-30.21
-1,-1,-1,0,0,-1,0,0,1,-1,-1,1.24,25.17,-28.95
-1,-1,-1,0,0,1,-1,0,1,0,0,1.1,19.74,-30.02
-1,-1,0,0,-1,-1,0,0,0,0,-1,1.22,25.79,-28.74
-1,-1,-1,0,0,-1,0,0,1,0,0,1.22,24.76,-30.82
-1,-1,1,0,-1,0,1,1,1,0,0,0.94,15.16,-27.85
-1,-1,0,0,-1,1,0,0,1,-1,0,1.09,19.9,-29.77
-1,-1,-1,0,0,1,-1,0,1,-1,0,1.08,20.12,-30.36
-1,-1,0,0,-1,0,0,0,1,0,0,1.08,19.65,-30.28
-1,-1,0,-1,-1,0,0,0,1,-1,-1,1.2,24.88,-28.57
-1,-1,-1,-1,-1,1,0,0,1,-1,0,1.27,27.26,-30.57
0,1,0,1,0,0,0,1,0,-1,1,0.73,9.71,-23.76
1,0,0,0,-1,0,0,1,1,0,1,0.63,7.86,-22.93
0,-1,-1,0,-1,-1,0,0,0,-1,0,0.99,18.7,-29.05
1,-1,1,0,1,-1,0,1,0,1,0,0.99,12.82,-20.62
-1,0,1,0,-1,-1,0,1,0,0,0,1.01,16.66,-27.6
-1,0,-1,1,0,0,1,0,1,-1,0,1.05,18.8,-25.7
0,0,-1,-1,0,1,0,0,0,-1,-1,1.11,22.76,-27.93
0,1,0,0,1,1,0,1,1,0,0,0.86,11.51,-22.38
0,0,-1,0,0,0,-1,1,-1,0,0,0.84,12.76,-26.4
0,0,1,0,-1,1,1,0,0,-1,-1,1.03,17.95,-25.52
1,0,0,1,-1,-1,-1,0,1,0,0,0.67,8.78,-23.82
0,1,0,-1,1,-1,-1,0,-1,0,0,0.83,11.18,-23.87
0,1,-1,0,-1,1,-1,-1,0,0,0,0.62,8.86,-27.35
-1,0,0,0,1,-1,0,1,1,-1,-1,1.1,17.13,-24.91
1,1,1,0,0,-1,0,1,-1,1,0,0.71,8.98,-22.4
0,0,1,0,1,1,1,0,0,0,0,0.73,9.84,-22.39
1,0,0,0,0,1,-1,-1,0,-1,0,0.49,5.31,-21.52
1,0,-1,1,0,-1,0,0,-1,0,0,0.61,7.65,-23.2
0,-1,0,0,0,0,1,0,-1,0,1,1.26,21.89,-23.79
0,0,0,1,0,1,0,0,0,-1,-1,0.89,12.89,-24.02
0,0,0,0,0,1,0,-1,0,1,-1,0.84,11.48,-24.12
0,-1,-1,0,-1,1,0,0,0,-1,0,1.13,22.47,-30.24
-1,-1,1,1,-1,0,1,0,0,0,0,1.04,19.78,-28.18
0,0,-1,-1,0,0,0,0,-1,0,0,1.07,20.02,-27.35
0,-1,0,0,0,0,1,0,-1,0,0,1.21,20.82,-23.63
-1,-1,0,0,0,1,1,0,-1,-1,0,1.21,22.37,-27.08
0,0,-1,0,1,-1,-1,0,0,0,-1,0.94,14.84,-25.59
0,0,-1,0,-1,1,-1,-1,1,1,-1,0.82,12.58,-26.82
0,-1,0,0,0,-1,0,1,0,1,-1,1.1,17.05,-24.76
0,1,-1,0,-1,1,-1,-1,0,1,0,0.65,9.26,-26.73
0,0,0,0,-1,0,1,-1,1,0,0,0.62,8.2,-24.33
1,-1,-1,0,-1,1,0,0,0,0,0,0.59,7.75,-24.55
-1,0,0,0,0,0,0,1,0,0,1,0.86,12.85,-24.93
0,0,1,-1,0,1,1,0,-1,0,0,0.85,11.45,-22.31
0,-1,-1,0,-1,-1,0,0,-1,-1,0,1.05,19.45,-27.66
0,1,-1,1,0,0,0,0,0,-1,0,0.69,9.46,-25.35
0,1,-1,1,0,-1,-1,0,1,-1,0,0.6,7.95,-25.66
0,0,1,0,-1,0,1,0,0,1,-1,0.75,10.14,-23.42
-1,1,-1,-1,1,0,0,0,0,-1,-1,1.27,24.78,-25.75
-1,0,0,0,-1,-1,-1,-1,1,-1,0,0.54,8.0,-28.23
-1,-1,0,0,0,0,0,1,1,-1,-1,1.2,20.11,-27.05
0,-1,-1,0,0,0,-1,1,-1,0,0,1.03,17.38,-26.66
0,1,0,1,0,0,0,1,-1,-1,1,0.57,7.22,-24.09
0,0,0,-1,0,0,0,1,0,0,0,0.84,13.42,-25.62
-1,0,0,0,0,-1,0,1,1,-1,1,0.86,12.37,-25.73
1,1,1,0,0,1,-1,1,0,0,0,0.66,8.26,-22.22
-1,-1,1,0,0,-1,-1,1,0,1,0,0.99,16.31,-27.25
-1,-1,1,0,0,0,0,1,1,0,-1,1.08,16.88,-26.38
-1,-1,1,1,-1,0,1,0,-1,-1,0,1.05,18.94,-25.36
0,0,1,0,-1,-1,0,1,0,-1,0,0.9,14.07,-25.56
0,-1,-1,-1,0,0,-1,0,-1,-1,0,0.97,18.56,-27.4
0,-1,0,0,1,1,1,0,0,0,0,0.91,12.09,-21.92
0,0,-1,1,1,-1,0,0,-1,1,1,0.83,11.94,-25.49
-1,0,0,-1,1,0,1,0,-1,0,0,1.21,21.1,-23.86
-1,-1,0,0,1,-1,0,1,1,0,-1,1.18,18.5,-25.23
1,-1,1,0,-1,1,0,0,0,0,-1,0.84,11.44,-22.43
1,-1,1,0,0,0,0,1,0,1,0,0.87,11.6,-20.97
0,0,-1,0,-1,1,1,0,-1,-1,0,0.98,17.18,-26.17
0,-1,0,1,1,0,0,1,0,1,-1,1.15,16.69,-23.05
-1,-1,1,0,0,1,0,1,1,0,-1,1.19,18.59,-24.87
0,1,-1,0,-1,1,-1,1,0,1,0,0.84,12.59,-24.75
0,-1,-1,0,-1,-1,-1,1,0,-1,-1,0.85,13.77,-25.98
0,-1,0,0,0,-1,0,0,-1,1,0,1.1,18.97,-25.03
-1,0,1,0,-1,0,1,-1,-1,-1,0,0.63,8.17,-24.41
-1,1,0,0,-1,1,-1,0,0,0,1,0.76,11.78,-27.05
0,-1,0,0,0,0,0,1,1,1,0,1.23,18.8,-24.79
0,0,1,0,-1,-1,0,0,0,0,0,0.95,16.58,-26.05
0,0,-1,0,-1,0,0,0,-1,-1,0,1.01,18.25,-26.94
-1,0,0,0,0,1,0,0,0,0,0,0.82,13.07,-26.75
-1,-1,-1,-1,1,0,0,0,0,-1,-1,1.39,30.02,-29.47
0,-1,0,0,0,1,0,1,0,1,-1,1.14,17.06,-23.42
-1,0,1,0,-1,-1,0,1,0,-1,0,0.88,14.16,-26.11
0,1,-1,0,0,1,-1,0,0,-1,-1,0.95,14.21,-23.89
-1,0,0,0,0,0,1,0,-1,0,0,1.11,19.41,-25.82
-1,-1,0,0,0,1,1,0,-1,0,0,1.17,22.0,-27.74
-1,0,-1,0,-1,-1,-1,-1,1,-1,0,0.64,9.92,-28.11
-1,0,0,0,0,0,0,-1,0,-1,0,0.6,7.86,-24.84
-1,-1,0,0,0,-1,0,0,0,1,0,1.22,24.86,-28.89
0,-1,0,-1,0,1,1,1,0,0,-1,1.0,14.23,-24.09
0,-1,-1,1,-1,1,-1,0,1,1,-1,0.86,13.6,-27.6
0,-1,-1,0,0,0,1,-1,-1,0,0,0.75,10.03,-23.66
-1,0,0,0,-1,-1,-1,-1,0,-1,0,0.68,10.5,-27.36
-1,-1,-1,0,-1,1,0,1,0,-1,0,1.11,20.35,-29.89
-1,-1,0,0,1,0,0,1,1,0,-1,1.15,16.99,-24.75
0,-1,-1,0,0,-1,1,0,0,0,0,1.11,20.59,-27.35
0,-1,1,-1,-1,-1,1,1,-1,0,0,0.79,11.65,-26.78
0,1,-1,0,-1,-1,0,0,0,-1,0,0.99,18.54,-28.49
0,-1,-1,0,-1,-1,0,0,0,-1,1,0.94,16.8,-27.48
-1,-1,0,1,1,0,0,1,1,0,-1,1.0,14.38,-22.94
0,0,0,0,1,-1,0,1,1,-1,-1,1.01,15.26,-25.62
0,0,-1,-1,-1,1,0,-1,0,0,1,0.76,11.32,-26.2
-1,0,0,0,1,-1,1,1,1,-1,-1,0.9,12.49,-23.71
-1,-1,-1,0,-1,0,0,1,0,-1,0,0.95,16.69,-29.72
0,-1,0,0,0,0,0,0,-1,0,1,0.66,8.59,-22.71
0,-1,0,-1,0,1,1,0,-1,1,0,1.0,14.65,-23.73
-1,-1,0,0,0,-1,0,0,-1,1,0,1.27,25.16,-27.79
0,0,-1,0,-1,1,0,-1,0,-1,0,0.53,6.99,-25.82
-1,-1,0,0,-1,-1,1,0,-1,-1,0,1.03,19.3,-27.27
-1,0,-1,0,-1,-1,0,0,0,-1,0,1.08,22.07,-29.42
-1,-1,-1,0,0,-1,0,0,0,0,0,1.2,24.52,-29.6
-1,0,0,0,-1,0,-1,-1,0,-1,0,0.63,9.22,-27.08
-1,-1,0,0,0,0,1,0,-1,0,1,1.09,20.02,-27.62
0,-1,0,0,0,-1,0,0,-1,0,0,1.14,20.4,-26.7
-1,-1,0,-1,1,0,0,0,1,0,0,1.03,16.18,-25.48
0,0,-1,1,1,0,0,0,0,1,-1,0.88,12.34,-24.24
-1,-1,1,0,0,1,0,0,1,0,-1,0.79,11.46,-25.09
-1,0,-1,0,-1,-1,1,-1,1,-1,0,0.83,13.44,-27.38
-1,-1,-1,0,-1,-1,-1,0,1,1,0,1.04,19.17,-30.23
0,-1,0,0,0,0,0,1,1,-1,-1,1.0,15.48,-25.59
-1,-1,1,1,1,0,1,0,0,0,0,0.73,10.29,-25.2
-1,-1,-1,-1,1,1,0,0,0,-1,-1,1.3,26.9,-27.77
-1,-1,0,0,1,-1,1,1,1,0,-1,0.95,13.05,-22.84
0,-1,0,0,0,-1,-1,0,-1,0,0,0.62,8.25,-24.57
-1,0,0,0,0,0,1,0,0,0,0,1.17,21.36,-26.2
0,-1,-1,0,0,-1,0,0,-1,-1,0,1.0,17.94,-27.05
-1,0,-1,0,-1,-1,-1,0,1,-1,0,0.7,11.22,-27.03
0,1,-1,0,0,1,0,0,0,-1,0,0.44,4.94,-22.6
0,0,-1,-1,1,0,0,0,0,-1,-1,1.23,25.1,-26.51
0,-1,0,0,0,-1,1,1,0,1,-1,0.94,12.48,-21.24
0,0,-1,0,-1,1,0,0,0,-1,0,1.02,19.73,-30.43
0,-1,0,0,0,1,1,0,-1,0,0,1.31,23.61,-24.01
0,-1,-1,-1,0,0,-1,0,-1,1,0,0.88,13.96,-24.65
-1,0,0,0,1,0,1,1,0,0,-1,1.04,13.99,-22.32
-1,1,0,-1,1,0,0,1,0,-1,-1,0.94,13.73,-25.58
-1,0,0,0,0,-1,0,1,0,1,0,1.18,18.77,-25.4
0,-1,-1,0,0,-1,-1,0,0,0,0,0.86,13.39,-25.73
0,0,0,1,-1,1,-1,-1,1,-1,-1,0.74,10.83,-25.24
-1,0,-1,-1,0,1,0,0,0,-1,-1,1.24,26.18,-29.88
-1,0,1,1,-1,0,1,0,0,-1,0,1.06,19.3,-26.6
-1,-1,0,0,-1,1,-1,-1,1,-1,0,0.96,16.59,-28.95
0,0,-1,0,-1,-1,-1,0,0,1,0,0.77,12.44,-27.85
0,0,-1,-1,0,1,0,0,0,0,-1,1.26,26.11,-28.5
0,-1,-1,0,-1,-1,0,0,0,1,0,1.2,23.98,-29.54
0,-1,1,1,-1,0,-1,0,1,-1,-1,0.86,13.33,-26.07
-1,1,-1,-1,1,-1,0,0,0,-1,0,1.13,21.64,-27.84
-1,-1,-1,0,1,-1,0,0,0,-1,-1,1.33,27.12,-27.02
-1,-1,0,0,-1,0,-1,-1,1,-1,0,0.78,12.84,-28.62
-1,-1,-1,0,0,-1,0,0,0,-1,0,1.2,24.68,-28.46
-1,-1,0,0,0,-1,1,0,0,0,0,1.05,19.03,-27.08
0,-1,0,-1,0,0,0,1,1,-1,-1,1.01,17.13,-27.49
-1,-1,0,0,0,-1,1,0,-1,-1,0,1.12,20.57,-26.26
0,0,-1,0,1,0,0,0,0,-1,1,0.33,3.29,-24.47
-1,0,0,0,-1,-1,-1,-1,-1,0,0,0.66,9.78,-26.78
0,1,-1,0,0,-1,0,0,0,1,0,0.67,8.76,-22.79
-1,-1,0,0,0,1,0,0,-1,0,0,1.2,23.16,-27.41
0,0,-1,0,0,1,0,0,0,-1,0,0.97,18.4,-29.63
0,0,-1,-1,1,0,0,0,1,-1,-1,0.94,15.13,-25.84
1,-1,0,0,0,1,1,0,-1,0,0,0.76,9.91,-22.46
-1,-1,0,0,0,1,0,0,0,-1,0,1.35,27.63,-29.17
-1,-1,-1,1,-1,1,1,0,0,1,0,0.69,10.81,-28.22
0,1,-1,0,-1,0,0,0,0,-1,-1,1.04,20.53,-28.56
0,0,-1,-1,-1,1,0,0,0,-1,0,1.13,23.13,-28.42
-1,0,0,0,-1,-1,0,0,0,1,0,1.02,20.71,-31.26
0,-1,-1,0,0,0,0,0,-1,0,1,0.95,16.64,-26.51
-1,0,0,0,0,1,0,1,0,1,0,0.73,10.79,-26.52
0,-1,0,0,0,-1,0,0,1,-1,0,0.96,14.79,-25.76
-1,-1,0,0,-1,-1,0,0,-1,-1,0,1.05,20.33,-27.81
-1,-1,-1,0,-1,0,1,1,0,-1,0,0.9,15.32,-27.89
-1,-1,0,0,-1,-1,-1,0,1,1,0,1.08,19.92,-29.67
0,-1,0,0,0,0,-1,0,-1,0,1,0.54,7.0,-24.77
0,-1,-1,0,0,0,0,1,1,1,0,1.16,18.95,-27.29
-1,-1,-1,0,1,-1,0,0,0,1,-1,1.41,28.04,-27.39
0,-1,-1,0,0,1,1,0,-1,0,0,1.14,20.47,-27.06
-1,-1,0,-1,0,0,0,0,0,0,0,1.27,27.08,-29.35
0,-1,0,0,0,1,1,0,-1,1,0,1.0,14.69,-24.41
-1,-1,-1,0,-1,1,0,0,0,-1,0,1.28,27.68,-31.42
-1,-1,0,0,-1,-1,0,0,0,1,0,1.18,24.17,-30.41
-1,0,0,0,0,1,-1,-1,1,-1,0,0.97,16.13,-27.7
-1,-1,-1,0,-1,0,0,1,0,0,1,0.95,16.14,-29.98
0,-1,0,0,0,0,1,0,-1,-1,0,0.91,14.88,-26.03
0,1,-1,0,-1,1,0,0,0,-1,-1,1.13,21.58,-27.28
-1,-1,0,0,0,-1,-1,0,-1,0,0,1.19,23.21,-28.3
-1,-1,-1,0,1,-1,0,0,0,-1,0,1.25,24.37,-27.51
0,-1,-1,-1,0,0,0,0,0,-1,0,1.02,19.77,-27.66
-1,0,0,-1,-1,1,-1,-1,1,0,0,0.87,14.82,-29.64
-1,-1,-1,1,-1,0,1,0,0,-1,0,1.12,21.55,-28.24
0,0,0,-1,0,1,0,0,0,1,-1,0.88,12.27,-23.58
-1,-1,1,1,-1,-1,0,0,0,1,0,0.74,11.58,-27.49
-1,-1,0,0,0,1,0,0,-1,0,-1,1.37,26.86,-26.69
-1,-1,-1,-1,1,0,0,0,0,0,-1,1.31,27.14,-28.08
-1,0,0,0,-1,1,0,0,0,-1,0,1.12,23.22,-30.87
0,0,-1,0,1,1,1,0,-1,-1,-1,1.29,21.99,-23.67
0,-1,0,-1,0,0,0,1,1,0,0,1.14,18.65,-25.88
0,1,-1,0,-1,0,0,1,0,-1,-1,0.83,13.3,-26.86
-1,0,0,0,0,-1,0,0,-1,1,0,1.15,21.07,-26.5
0,-1,-1,0,0,1,0,0,0,-1,-1,1.33,28.04,-28.79
0,0,0,0,-1,1,1,0,-1,0,0,1.15,20.55,-25.94
0,0,-1,0,0,0,0,0,0,-1,0,1.01,19.8,-28.66
-1,0,0,-1,1,0,1,0,-1,-1,0,1.2,20.66,-24.26
0,0,-1,0,-1,1,0,0,0,0,0,0.8,12.6,-27.79
-1,-1,-1,-1,-1,-1,0,0,0,-1,0,1.1,22.53,-29.14
0,-1,-1,-1,-1,1,1,0,1,1,0,1.0,15.94,-26.11
-1,0,-1,0,-1,-1,0,0,0,-1,-1,1.15,23.4,-28.3
-1,0,-1,0,1,1,0,0,0,-1,-1,1.34,24.67,-25.48
0,0,1,-1,1,0,0,0,0,-1,-1,0.59,7.19,-23.77
-1,-1,-1,0,0,-1,0,0,-1,-1,0,1.07,20.67,-27.17
-1,0,0,0,-1,0,1,0,0,0,0,0.91,16.73,-29.23
-1,-1,-1,-1,1,1,0,0,0,-1,0,1.37,28.76,-28.09
-1,-1,0,0,0,0,0,1,-1,0,0,1.13,19.41,-27.52
-1,0,-1,-1,-1,-1,1,0,-1,0,0,1.02,19.59,-28.64
-1,-1,-1,-1,1,0,0,0,0,-1,0,1.24,25.7,-28.59
-1,0,-1,-1,1,-1,0,0,0,-1,-1,1.33,27.51,-27.11
-1,-1,-1,-1,-1,1,0,1,0,-1,0,0.95,17.53,-30.64
-1,0,-1,0,1,1,0,0,0,0,-1,0.91,12.77,-24.17
-1,-1,-1,0,0,-1,-1,1,0,1,-1,1.15,21.13,-29.59
-1,-1,-1,0,1,-1,0,-1,0,1,-1,0.94,14.21,-25.06
-1,-1,0,0,0,1,-1,0,-1,0,1,0.88,13.5,-25.92
-1,-1,-1,0,1,0,0,0,0,1,0,0.98,15.66,-26.69
-1,-1,0,0,1,1,0,0,-1,-1,-1,1.36,25.81,-25.28
-1,-1,0,-1,0,1,0,0,0,-1,0,1.25,26.03,-28.68
0,-1,0,-1,0,1,0,0,0,-1,0,1.14,23.09,-27.01
0,-1,0,0,1,1,1,0,-1,0,0,0.82,11.11,-22.48
-1,1,0,0,-1,0,0,0,0,1,0,0.65,9.91,-28.88
-1,-1,-1,0,1,1,0,0,0,-1,0,1.25,24.1,-28.07
-1,-1,0,-1,-1,1,0,0,0,0,-1,1.3,27.94,-29.63
0,0,0,0,-1,0,1,-1,1,-1,0,0.52,6.43,-23.63
-1,-1,0,-1,-1,-1,0,0,0,0,0,1.2,25.76,-31.06
-1,0,0,0,-1,-1,1,0,-1,1,0,0.98,17.71,-28.82
0,0,-1,0,-1,1,0,0,0,-1,-1,1.09,21.89,-29.64
-1,-1,-1,0,-1,-1,0,0,1,1,0,1.35,28.85,-30.62
-1,-1,-1,-1,1,1,0,0,0,0,-1,1.4,28.55,-27.28
-1,-1,0,-1,-1,-1,0,0,0,1,0,1.23,25.88,-29.98
-1,-1,0,0,1,1,0,0,0,-1,0,0.96,13.73,-23.34
-1,0,0,0,0,1,0,0,-1,-1,-1,1.38,26.53,-26.63
0,0,-1,0,1,-1,1,0,0,-1,0,1.12,19.0,-24.63
-1,-1,-1,-1,1,1,0,0,-1,-1,0,1.35,26.94,-26.58
0,0,-1,0,1,1,0,0,0,-1,-1,0.96,12.7,-21.5
-1,-1,-1,0,0,-1,-1,1,0,0,-1,1.02,17.42,-27.62
0,-1,0,-1,0,1,1,1,0,0,0,0.94,13.5,-23.58
0,-1,-1,-1,0,1,0,0,0,0,0,1.3,25.75,-26.92
-1,-1,-1,0,1,-1,-1,0,0,1,-1,1.06,18.29,-27.45
-1,-1,-1,0,-1,-1,0,1,0,0,-1,0.95,16.87,-29.27
-1,-1,0,0,-1,-1,0,0,0,0,0,1.18,24.29,-29.45
0,-1,-1,0,1,1,1,0,0,-1,0,1.13,18.96,-24.19
-1,0,0,0,-1,1,0,0,-1,1,-1,0.69,10.28,-27.37
-1,-1,0,0,-1,1,0,1,0,-1,-1,1.15,21.92,-29.15
-1,0,-1,-1,-1,-1,0,0,0,-1,0,0.99,19.8,-29.78
0,0,-1,-1,0,1,0,0,0,-1,0,1.11,22.37,-28.35
-1,-1,-1,-1,-1,0,0,0,0,1,-1,1.2,25.7,-30.77
-1,-1,-1,0,-1,1,0,0,-1,-1,0,1.09,22.06,-30.8
0,-1,-1,-1,0,1,0,0,0,-1,-1,1.15,23.9,-28.55
0,-1,0,-1,-1,-1,0,0,0,0,0,0.93,17.67,-26.63
-1,-1,-1,0,1,0,0,0,0,0,-1,1.42,28.78,-28.04
0,-1,-1,-1,1,0,0,0,0,-1,1,0.95,16.85,-26.62
0,0,-1,0,1,-1,-1,0,1,0,1,0.67,8.95,-24.64
-1,0,0,1,1,-1,-1,-1,-1,0,-1,0.84,11.81,-23.22
0,1,1,1,0,0,-1,1,0,1,0,0.75,10.28,-23.64
0,0,0,1,1,0,-1,-1,-1,0,1,0.66,8.99,-25.76
0,-1,1,0,0,0,0,0,0,1,0,0.86,12.45,-23.76
-1,-1,0,-1,1,0,-1,0,0,1,-1,1.08,17.88,-25.52
0,0,0,0,0,0,-1,-1,0,-1,0,0.42,4.71,-24.05
1,0,0,-1,1,0,-1,0,0,-1,0,0.47,5.41,-23.96
-1,1,1,0,0,0,0,1,0,0,0,0.99,14.24,-24.26
0,0,0,0,0,1,0,-1,0,0,1,0.77,10.7,-23.7
-1,0,0,-1,1,-1,1,-1,1,1,0,0.9,11.93,-22.73
0,0,0,0,-1,1,0,0,-1,0,0,0.81,11.78,-25.28
0,1,1,-1,0,0,-1,0,1,0,0,0.6,7.35,-23.39
1,0,0,0,0,0,0,-1,0,0,0,0.74,9.19,-21.44
1,0,0,0,0,0,0,0,1,0,-1,0.86,11.27,-22.66
-1,0,0,-1,-1,-1,-1,-1,-1,-1,0,0.62,9.6,-26.59
0,-1,1,0,0,0,-1,-1,0,0,0,0.74,10.14,-23.34
-1,-1,-1,0,-1,0,0,1,0,-1,-1,0.94,16.76,-29.49
0,-1,0,0,-1,1,0,0,0,-1,0,1.17,23.28,-30.28
0,-1,-1,1,-1,1,1,1,1,0,-1,1.0,15.74,-26.08
-1,0,-1,0,1,-1,-1,-1,0,1,0,0.81,11.99,-26.63
-1,0,0,-1,1,0,1,-1,1,1,1,0.91,12.9,-24.29
0,-1,1,0,0,0,0,1,0,1,0,1.18,17.77,-23.01
-1,0,0,-1,-1,-1,-1,1,-1,-1,0,0.68,11.11,-28.01
0,0,-1,0,-1,-1,1,0,0,1,1,0.85,14.38,-27.79
1,1,0,0,0,1,1,-1,0,0,1,0.81,10.74,-23.27
0,-1,0,0,1,1,0,-1,0,-1,1,0.81,10.76,-22.94
0,0,1,1,-1,0,1,0,1,0,-1,0.7,9.93,-25.12
0,1,-1,-1,-1,-1,0,1,1,1,1,0.98,15.2,-26.06
-1,-1,-1,0,-1,0,0,1,0,0,-1,1.05,19.77,-30.07
-1,0,-1,-1,-1,0,-1,0,0,-1,0,1.08,22.0,-29.8
0,0,-1,0,0,1,1,0,0,0,0,0.74,10.31,-25.26
0,1,-1,-1,-1,-1,0,0,0,0,0,0.97,18.73,-27.69
-1,0,0,-1,0,0,0,0,0,1,0,1.04,16.48,-26.01
0,0,0,0,0,-1,0,-1,-1,0,0,0.51,6.09,-23.56
1,0,-1,0,-1,0,0,0,-1,0,1,0.45,5.05,-22.74
-1,-1,0,-1,1,1,-1,0,0,1,-1,0.98,14.7,-25.0
1,0,-1,0,0,0,-1,1,-1,0,-1,0.74,10.91,-25.31
-1,0,0,0,1,1,0,0,0,1,0,0.95,13.68,-23.28
0,0,0,1,1,-1,-1,-1,-1,0,0,0.6,7.85,-25.02
-1,1,0,0,0,0,0,-1,-1,0,0,0.75,10.07,-24.21
-1,1,0,0,1,0,-1,0,-1,0,0,0.85,11.48,-23.13
0,-1,1,0,0,0,0,0,0,0,-1,0.9,12.5,-23.19
-1,0,-1,-1,0,0,-1,0,0,0,1,0.82,13.58,-28.88
0,0,0,0,1,-1,0,0,-1,0,1,0.64,8.02,-23.1
0,-1,-1,1,-1,1,1,0,1,0,-1,0.81,12.45,-26.7
0,-1,0,-1,1,-1,0,-1,-1,-1,1,0.52,6.27,-23.73
-1,-1,1,0,1,0,-1,-1,0,0,-1,0.87,12.29,-23.73
1,1,-1,0,1,0,1,0,1,-1,1,0.79,9.97,-22.0
0,1,1,0,0,0,1,0,0,-1,1,0.82,11.18,-23.21
-1,0,0,-1,1,1,1,0,1,1,0,0.97,13.38,-23.28
0,0,1,0,-1,0,1,0,0,0,-1,0.96,16.48,-26.01
0,0,0,1,-1,0,-1,-1,-1,0,1,0.65,8.84,-25.07
-1,0,-1,0,-1,1,0,1,0,0,-1,1.1,20.45,-29.05
0,-1,1,0,0,1,-1,-1,0,1,0,0.77,10.78,-24.89
-1,0,-1,0,1,-1,-1,0,0,0,0,1.0,16.28,-27.54
-1,0,0,-1,-1,0,-1,-1,-1,-1,0,0.66,10.13,-25.98
-1,0,-1,0,1,0,0,1,0,-1,-1,1.19,19.52,-25.89
0,0,-1,-1,1,-1,-1,1,1,1,1,1.06,16.11,-25.27
-1,0,0,-1,0,0,1,0,1,-1,-1,1.2,22.72,-25.65
-1,-1,0,0,-1,0,-1,0,0,-1,0,1.16,24.07,-30.16
1,-1,-1,0,-1,0,-1,0,0,-1,-1,0.74,10.97,-26.01
0,1,0,-1,-1,-1,0,0,1,0,-1,0.94,15.21,-25.65
-1,0,-1,0,0,-1,-1,-1,0,0,-1,0.93,16.11,-28.21
0,-1,-1,0,-1,1,0,0,0,0,0,0.9,14.51,-27.72
0,0,1,0,0,0,-1,1,0,1,0,0.88,12.73,-22.9
0,0,-1,0,-1,1,1,0,-1,0,0,1.05,19.13,-27.64
-1,0,0,0,0,0,0,1,0,0,0,1.18,19.68,-26.98
0,0,1,0,-1,0,1,-1,-1,1,-1,0.73,9.85,-24.37
-1,0,0,-1,0,-1,0,0,0,1,0,1.32,27.86,-28.85
-1,1,-1,0,-1,0,0,0,1,1,0,0.84,13.47,-27.64
-1,1,0,0,-1,0,1,0,0,-1,1,0.9,15.59,-26.89
0,0,-1,-1,0,1,0,0,0,0,1,0.87,12.99,-25.42
0,0,1,0,0,0,1,1,0,0,-1,0.9,12.39,-23.17
-1,-1,-1,0,-1,0,0,0,-1,-1,-1,1.24,25.06,-29.17
0,-1,-1,1,-1,1,1,0,0,0,0,0.67,9.92,-27.03
0,-1,-1,0,-1,1,0,0,-1,0,0,1.14,22.28,-29.02
0,1,0,0,1,0,-1,1,0,1,0,0.8,10.66,-23.6
0,-1,0,1,-1,1,1,1,1,-1,-1,0.96,14.7,-25.81
0,-1,0,1,0,0,0,1,0,0,-1,0.96,13.8,-23.58
-1,0,0,-1,-1,-1,0,1,-1,-1,0,0.86,14.27,-28.25
0,0,0,0,-1,-1,0,0,0,0,1,0.26,2.17,-23.63
0,1,1,0,-1,0,1,0,0,-1,-1,0.97,16.22,-24.95
0,1,-1,-1,-1,-1,0,0,0,-1,0,0.97,18.51,-27.86
-1,0,0,-1,0,0,1,0,0,0,0,1.17,21.4,-25.94
0,-1,-1,0,1,0,0,0,0,-1,-1,1.32,26.43,-26.74
-1,0,0,-1,-1,0,-1,1,0,1,0,1.08,19.44,-28.71
-1,0,0,0,0,1,-1,-1,1,0,-1,0.74,11.01,-26.84
-1,-1,-1,0,-1,1,0,1,0,0,-1,1.11,20.93,-29.8
-1,0,-1,0,0,-1,0,0,0,0,-1,1.29,26.6,-29.11
-1,0,-1,-1,0,-1,0,0,0,1,0,1.35,28.63,-29.64
-1,0,0,0,-1,1,0,1,1,0,0,1.13,19.64,-28.72
-1,0,-1,0,-1,0,0,0,-1,-1,-1,1.13,22.56,-28.33
0,-1,0,0,-1,1,0,0,0,-1,-1,1.26,25.35,-27.71
0,1,-1,-1,0,-1,-1,1,1,1,1,1.01,15.0,-25.29
-1,-1,1,0,0,0,0,1,0,1,0,1.05,16.57,-25.58
-1,-1,-1,0,-1,1,0,1,0,0,1,1.1,18.85,-29.23
0,1,0,-1,-1,-1,-1,0,1,-1,0,0.73,11.32,-25.96
-1,0,0,0,0,0,-1,0,0,0,0,0.99,18.11,-29.21
-1,-1,0,0,-1,0,0,0,0,-1,0,1.24,25.83,-28.73
-1,0,0,0,-1,0,0,1,-1,-1,-1,0.92,15.64,-28.31
-1,0,-1,0,1,-1,1,0,0,-1,-1,1.21,21.58,-24.56
-1,-1,-1,-1,-1,0,0,0,0,-1,1,1.11,22.5,-29.8
-1,0,-1,-1,0,1,0,1,0,0,-1,1.07,18.67,-27.94
-1,0,0,-1,1,-1,-1,0,-1,-1,-1,1.13,21.82,-26.67
-1,0,0,-1,0,0,1,0,1,0,-1,1.14,20.05,-25.64
0,-1,-1,0,-1,0,0,0,-1,0,0,1.16,22.67,-28.9
0,-1,-1,0,-1,1,1,0,-1,0,0,1.11,20.46,-27.58
0,1,0,-1,-1,-1,0,0,0,-1,0,1.0,19.75,-28.21
0,-1,-1,0,-1,1,0,0,0,-1,1,0.64,8.92,-26.76
-1,-1,0,0,0,0,0,1,0,0,0,1.24,21.45,-29.52
0,-1,-1,1,-1,1,1,1,1,1,0,0.95,15.12,-27.34
-1,0,-1,-1,-1,0,0,0,0,0,1,1.14,23.7,-30.82
0,-1,0,0,-1,-1,0,0,0,1,0,1.24,24.51,-28.68
-1,1,-1,0,-1,1,1,0,0,0,-1,1.04,19.29,-28.89
-1,0,-1,1,-1,-1,0,0,0,-1,-1,1.12,22.16,-28.23
-1,1,0,-1,0,0,1,0,0,0,-1,1.14,19.84,-24.92
1,0,1,0,-1,1,1,-1,-1,0,-1,0.78,10.19,-22.62
-1,-1,-1,0,-1,0,-1,1,0,-1,-1,0.96,16.78,-28.76
-1,-1,-1,-1,-1,-1,0,0,0,0,0,1.22,26.09,-31.16
-1,-1,-1,0,-1,0,0,0,-1,1,0,1.17,24.09,-29.81
-1,1,-1,-1,-1,-1,0,0,0,0,-1,1.02,20.88,-30.3
-1,-1,0,-1,0,0,0,1,0,-1,0,0.92,16.46,-28.94
-1,0,0,0,0,0,0,0,1,-1,-1,1.31,25.72,-26.82
-1,0,-1,0,-1,0,-1,0,-1,-1,-1,1.13,22.98,-29.15
0,-1,-1,0,-1,0,0,0,-1,-1,-1,1.13,21.11,-26.88
-1,-1,-1,0,-1,0,0,1,0,-1,1,0.85,14.23,-29.41
-1,0,-1,0,0,0,0,1,0,0,-1,1.03,17.77,-28.32
-1,1,-1,-1,0,0,1,0,0,-1,-1,1.24,24.5,-26.02
-1,1,0,-1,0,0,1,0,1,0,-1,0.78,10.32,-23.38
0,0,0,-1,0,0,1,0,0,0,-1,1.0,16.88,-23.68
-1,0,-1,0,0,-1,-1,0,0,0,-1,1.16,23.98,-30.15
-1,0,-1,0,1,0,0,0,-1,-1,-1,1.28,23.32,-25.36
-1,0,0,-1,0,0,-1,0,0,0,0,1.04,18.46,-28.64
-1,-1,-1,-1,-1,-1,0,1,0,0,0,0.87,15.22,-28.82
-1,-1,0,0,-1,-1,0,0,-1,1,-1,1.12,22.19,-28.35
-1,1,-1,-1,0,-1,0,0,0,1,0,1.22,24.79,-27.8
0,0,-1,-1,-1,0,0,0,0,0,1,0.66,9.66,-26.96
-1,0,-1,-1,0,-1,-1,0,0,1,0,0.98,17.17,-28.15
-1,0,-1,0,-1,0,-1,0,0,0,0,0.9,16.0,-29.72
-1,-1,-1,-1,-1,0,1,0,-1,1,0,1.08,21.48,-29.42
0,-1,0,0,-1,1,0,0,0,0,0,0.95,15.51,-26.32
-1,0,-1,0,-1,1,0,0,1,0,-1,1.02,18.0,-29.31
-1,0,-1,0,1,0,0,0,0,-1,-1,1.32,25.87,-26.36
-1,-1,0,0,-1,0,0,1,0,-1,0,1.02,17.86,-28.54
-1,-1,0,0,-1,1,0,0,1,-1,-1,1.35,29.7,-30.86
-1,0,-1,0,-1,0,-1,1,0,-1,-1,0.91,15.67,-29.54
-1,0,0,0,0,-1,0,0,0,1,0,0.9,13.59,-24.99
-1,-1,-1,-1,-1,-1,0,0,0,0,-1,1.16,24.6,-29.64
-1,1,-1,0,-1,0,0,1,0,0,-1,0.93,15.62,-28.23
-1,-1,0,-1,0,0,1,0,1,0,-1,1.24,23.53,-26.68
-1,0,-1,0,-1,0,0,0,0,0,1,0.8,13.32,-29.85
-1,-1,0,0,-1,-1,-1,0,0,-1,-1,1.18,24.64,-28.68
-1,-1,0,0,0,0,0,1,0,0,-1,1.19,21.49,-28.42
-1,-1,-1,0,-1,-1,0,0,0,1,0,1.17,24.06,-30.41
-1,1,-1,-1,0,-1,0,0,-1,-1,-1,1.1,21.39,-26.54
-1,0,-1,-1,-1,0,0,0,0,0,-1,1.15,24.93,-31.04
-1,0,-1,-1,-1,0,0,0,0,-1,0,1.01,20.81,-31.35
-1,0,-1,-1,0,0,1,0,0,-1,-1,1.3,26.23,-27.41
-1,-1,0,0,-1,0,0,1,0,0,-1,1.13,21.55,-30.45
-1,-1,0,0,-1,1,1,0,1,-1,-1,1.19,23.17,-28.54
-1,-1,-1,0,1,0,0,0,0,-1,0,1.33,27.1,-28.17
-1,1,-1,0,1,-1,1,0,0,1,0,0.96,13.11,-22.61
-1,0,-1,0,0,1,0,0,1,0,-1,0.98,16.48,-27.97
-1,0,0,-1,0,0,-1,0,0,-1,0,0.7,11.51,-27.49
-1,0,-1,0,1,0,0,0,0,1,1,1.06,16.95,-24.61
-1,-1,-1,0,-1,0,0,0,0,0,1,1.15,22.6,-30.28
-1,0,0,-1,0,-1,-1,0,0,1,0,1.07,18.72,-27.38
0,-1,-1,0,1,-1,0,0,0,-1,-1,1.25,24.82,-27.14
-1,-1,-1,0,0,1,0,0,0,0,0,1.04,18.21,-29.09
-1,0,0,-1,0,0,0,0,1,-1,-1,1.24,25.59,-27.81
0,0,0,0,-1,1,0,0,1,-1,-1,1.04,16.7,-27.11
-1,0,-1,0,1,0,1,0,0,0,0,1.36,24.49,-24.03
-1,-1,-1,0,0,-1,0,1,0,0,-1,1.01,17.68,-28.12
-1,-1,0,0,1,1,0,0,0,-1,-1,1.29,22.43,-22.69
-1,0,0,-1,-1,0,1,0,0,-1,-1,1.24,25.72,-29.06
-1,0,-1,0,1,0,1,1,0,1,0,0.98,14.29,-23.06
-1,0,-1,0,0,0,1,0,0,-1,-1,1.21,24.06,-28.02
-1,0,-1,-1,0,-1,0,0,0,0,0,1.04,21.33,-30.06
-1,-1,-1,-1,-1,0,0,0,0,-1,0,1.13,23.8,-29.56
-1,0,-1,-1,1,0,1,1,0,1,0,1.14,17.01,-24.31
-1,-1,-1,0,-1,-1,1,1,0,0,-1,0.92,16.03,-28.74
-1,-1,-1,0,1,0,0,0,0,0,0,1.27,24.98,-28.24
-1,-1,-1,0,1,-1,-1,0,0,-1,-1,1.21,24.78,-28.8
-1,0,-1,-1,-1,-1,0,0,0,1,1,1.19,24.93,-30.64
-1,0,0,0,1,1,0,0,0,-1,-1,0.83,10.66,-22.81
-1,-1,-1,-1,-1,0,0,0,0,-1,-1,1.18,25.2,-30.86
-1,1,0,0,0,-1,-1,0,0,1,0,0.69,9.68,-25.41
-1,0,-1,-1,0,0,1,0,0,-1,0,1.2,24.01,-28.06
-1,0,-1,-1,1,-1,-1,0,0,1,0,1.1,19.21,-26.75
-1,0,-1,0,1,0,0,0,0,0,0,1.07,16.25,-24.05
-1,0,-1,-1,-1,-1,0,0,0,0,1,1.01,20.12,-30.64
-1,0,-1,-1,1,0,-1,0,0,-1,-1,1.28,27.07,-28.65
-1,0,-1,0,0,-1,-1,0,0,1,-1,0.97,17.16,-29.21
-1,-1,-1,0,-1,-1,1,0,0,-1,0,1.2,24.16,-28.96
-1,0,0,0,1,0,0,0,0,0,0,0.89,12.42,-23.35
0,0,-1,0,0,0,-1,0,1,-1,-1,0.81,12.39,-26.64
0,0,-1,0,0,0,0,0,0,0,-1,1.18,23.85,-28.8
-1,0,-1,-1,0,0,0,0,0,0,0,1.24,26.48,-29.83
-1,-1,-1,0,0,0,0,0,0,0,-1,1.29,27.68,-30.37
-1,0,-1,-1,-1,-1,0,0,0,0,-1,1.11,23.27,-31.24
-1,-1,0,0,-1,0,0,0,-1,1,0,1.14,23.31,-29.84
-1,-1,-1,-1,-1,-1,-1,0,0,0,0,1.16,24.33,-29.31
-1,0,0,-1,0,0,0,0,0,1,-1,0.96,15.37,-26.58
-1,-1,-1,0,1,0,0,0,0,-1,-1,1.35,27.32,-28.0
-1,1,-1,0,0,0,0,0,1,-1,-1,0.93,13.93,-25.48
0,0,0,-1,0,1,1,0,0,-1,-1,0.98,16.62,-25.89
-1,0,0,-1,-1,0,0,0,1,-1,-1,1.25,26.36,-28.58
-1,-1,-1,-1,1,-1,0,0,0,0,-1,1.29,27.27,-28.87
-1,0,-1,0,-1,0,-1,0,0,-1,0,1.06,22.0,-30.23
-1,0,-1,0,1,-1,0,0,0,-1,-1,1.27,24.95,-27.94
-1,0,-1,0,0,-1,0,0,0,1,0,1.03,20.49,-30.51
0,-1,-1,0,-1,1,0,0,0,0,-1,1.21,23.83,-27.98
-1,0,-1,0,1,0,1,0,0,1,-1,0.91,12.71,-23.81
-1,0,-1,0,1,0,0,0,0,-1,0,1.25,24.48,-28.33
-1,-1,-1,-1,1,0,-1,0,0,-1,-1,1.24,26.32,-29.51
0,-1,0,0,1,1,0,0,0,-1,-1,0.93,12.11,-20.99
-1,0,-1,-1,0,0,0,0,0,-1,0,1.0,20.22,-30.6
-1,0,-1,-1,-1,0,0,0,-1,-1,0,1.03,20.59,-30.15
-1,-1,0,0,-1,0,0,1,0,-1,-1,1.07,19.32,-28.11
-1,0,0,-1,1,-1,1,0,0,0,0,1.15,20.11,-25.34
-1,-1,0,0,-1,0,0,0,1,1,-1,1.14,20.3,-28.23
-1,0,-1,0,0,1,0,0,0,0,-1,1.24,24.2,-28.47
-1,-1,-1,-1,0,1,0,0,1,0,-1,1.5,32.1,-28.75
-1,0,-1,-1,-1,0,0,0,1,0,-1,1.23,26.29,-29.57
-1,0,-1,-1,0,0,0,1,0,0,0,1.05,18.89,-29.38
-1,0,-1,-1,0,0,0,0,1,-1,-1,1.25,25.64,-27.67
-1,-1,-1,0,0,0,-1,0,0,-1,-1,1.25,26.55,-30.21
-1,0,-1,0,-1,-1,1,0,1,0,0,1.14,22.44,-29.09
-1,-1,-1,-1,-1,1,1,0,0,0,-1,1.23,25.03,-29.17
-1,-1,-1,-1,0,0,-1,0,0,-1,0,1.11,22.99,-30.18
0,-1,-1,-1,-1,0,0,0,1,0,-1,1.17,23.79,-29.26
-1,-1,-1,-1,0,1,0,0,1,0,0,1.02,17.56,-28.12
-1,0,-1,0,-1,0,0,0,1,0,0,0.91,16.26,-30.36
-1,-1,0,0,-1,0,-1,0,1,0,0,1.14,21.84,-30.53
-1,-1,0,0,0,-1,0,0,1,0,-1,1.33,27.06,-28.62
-1,-1,0,0,-1,0,0,0,1,0,-1,1.36,29.91,-30.15
-1,-1,0,-1,0,-1,-1,0,0,-1,-1,1.15,23.81,-28.8
-1,-1,-1,0,-1,0,-1,0,1,0,0,1.08,20.29,-31.38
-1,-1,-1,0,-1,-1,0,0,1,0,0,1.24,25.66,-30.13
-1,-1,-1,-1,0,0,0,1,1,-1,0,1.05,18.47,-27.72
-1,0,-1,0,0,0,0,0,1,0,0,0.98,16.61,-28.67
-1,-1,0,0,-1,0,-1,0,1,-1,0,1.01,18.26,-29.03
-1,-1,-1,0,0,1,0,0,1,0,-1,1.17,20.36,-29.04
-1,-1,-1,-1,-1,0,-1,0,0,-1,-1,1.13,23.4,-29.32
-1,-1,-1,0,0,-1,0,0,1,0,-1,1.21,24.71,-29.72
-1,-1,0,0,-1,1,-1,0,1,-1,0,1.11,21.06,-29.45
-1,-1,-1,-1,0,0,0,0,0,-1,-1,1.22,25.91,-29.81
-1,-1,0,0,-1,1,0,0,0,0,-1,1.23,25.71,-29.6
-1,0,0,0,0,1,0,0,1,0,-1,0.94,13.97,-25.46
-1,-1,-1,0,-1,1,-1,0,0,-1,-1,1.21,25.83,-31.01
-1,0,-1,0,-1,-1,0,0,1,1,0,0.89,15.56,-30.57
0,-1,-1,-1,0,0,0,0,1,0,-1,1.23,25.17,-28.32
-1,-1,0,-1,0,0,-1,0,1,0,0,0.99,17.93,-29.43
-1,-1,-1,0,-1,0,-1,0,0,0,0,1.03,18.78,-29.34
-1,-1,-1,0,-1,1,-1,0,1,-1,-1,1.08,20.27,-29.9
-1,-1,0,0,0,1,1,0,1,0,-1,0.87,12.71,-25.41
-1,-1,0,-1,0,0,0,0,1,0,0,1.01,17.09,-27.85
-1,-1,-1,0,0,0,0,0,0,-1,0,1.2,24.5,-28.91
-1,0,-1,-1,-1,0,0,1,1,0,0,0.97,16.87,-29.02
-1,-1,-1,-1,0,1,-1,0,1,-1,-1,1.37,29.26,-28.86
-1,-1,0,-1,0,1,-1,0,1,-1,-1,1.12,20.33,-29.11
-1,-1,-1,-1,-1,1,0,0,1,0,-1,1.37,29.91,-30.12
-1,-1,-1,0,-1,-1,-1,0,1,0,0,0.9,15.8,-29.87
-1,-1,0,-1,-1,0,0,0,1,0,0,1.3,28.25,-30.27
-1,-1,-1,0,-1,0,-1,1,1,0,-1,1.18,21.86,-28.54
-1,-1,-1,-1,-1,1,0,0,1,0,0,1.06,19.48,-29.77
-1,0,0,0,0,0,0,0,1,0,0,1.01,15.83,-26.83
-1,-1,-1,-1,-1,1,0,0,1,-1,-1,1.27,27.57,-30.16
-1,0,-1,0,0,-1,0,0,1,1,0,1.0,16.1,-28.1
-1,-1,-1,0,0,-1,-1,0,0,0,-1,1.21,25.63,-29.58
-1,-1,0,-1,0,1,0,0,0,-1,-1,1.3,28.24,-29.06
-1,-1,0,0,-1,0,1,0,1,0,0,1.07,19.98,-28.27
-1,-1,-1,0,-1,0,0,1,1,0,0,1.11,20.18,-29.57
-1,-1,0,0,-1,1,-1,0,0,-1,-1,1.34,29.44,-30.3
-1,-1,-1,-1,1,-1,0,0,0,1,-1,1.28,26.03,-27.86
-1,0,-1,-1,1,1,0,0,0,-1,0,1.35,27.8,-28.17
-1,-1,-1,0,-1,-1,0,1,1,1,0,1.16,20.41,-29.22
-1,-1,0,-1,-1,-1,0,0,0,-1,0,1.14,23.4,-28.6
-1,0,-1,-1,1,0,0,0,0,-1,-1,1.37,27.83,-26.74
-1,-1,0,-1,-1,1,0,0,-1,0,-1,1.21,24.52,-28.81
-1,0,-1,-1,0,1,0,0,-1,-1,-1,1.24,25.84,-28.86
-1,-1,-1,-1,-1,1,0,0,0,-1,0,1.18,24.37,-29.96
0,-1,-1,0,0,1,0,0,-1,-1,0,1.22,23.6,-28.14
-1,-1,-1,-1,1,1,0,0,-1,0,0,1.3,25.88,-26.46
-1,0,0,0,1,1,0,0,-1,-1,-1,0.9,11.89,-22.68
-1,0,-1,-1,-1,1,0,0,0,-1,-1,1.18,25.4,-30.1
-1,-1,0,-1,-1,1,0,0,0,0,0,1.29,27.96,-30.23
-1,-1,-1,-1,0,1,0,0,0,0,0,1.37,29.55,-28.53
-1,-1,-1,-1,1,-1,0,0,0,-1,-1,1.32,27.67,-27.86
-1,-1,-1,-1,-1,0,0,1,0,-1,-1,0.82,14.05,-28.87
-1,-1,-1,0,1,-1,0,0,0,0,-1,1.31,26.02,-28.42
-1,-1,0,-1,-1,-1,0,0,0,1,1,1.24,25.23,-29.75
-1,0,-1,0,0,1,0,0,0,1,0,0.93,15.41,-27.47
-1,-1,-1,-1,1,1,0,0,0,0,0,1.07,17.61,-27.05
-1,-1,0,0,1,0,0,0,0,-1,-1,1.37,27.05,-26.76
-1,-1,-1,-1,1,0,0,0,0,0,0,1.37,29.0,-28.59
-1,-1,0,-1,-1,1,0,0,0,0,1,0.92,15.49,-29.73
-1,-1,-1,0,0,-1,0,0,0,-1,-1,1.2,24.86,-28.82
-1,-1,0,-1,-1,0,0,0,0,0,0,1.24,26.42,-30.31
-1,-1,0,0,1,-1,0,0,0,1,0,1.13,15.95,-22.74
-1,0,0,0,0,-1,0,0,0,-1,-1,1.21,24.33,-27.47
-1,-1,-1,-1,1,0,0,0,-1,-1,-1,1.25,25.23,-26.85
-1,-1,0,-1,0,-1,0,0,0,0,0,1.14,23.49,-29.04
-1,0,0,0,0,-1,0,0,-1,1,-1,1.25,23.1,-25.94
-1,-1,-1,0,0,1,0,0,0,-1,0,1.31,28.34,-30.6
-1,0,0,-1,-1,-1,0,0,0,1,1,1.09,20.88,-29.84
-1,-1,-1,0,-1,-1,0,0,0,0,-1,1.18,25.35,-30.62
-1,-1,-1,0,0,1,0,0,-1,0,0,1.28,26.19,-28.98
-1,-1,0,0,-1,1,0,0,0,-1,0,1.22,25.41,-30.3
-1,-1,-1,0,-1,0,0,0,-1,0,-1,1.17,24.13,-29.42
-1,-1,-1,0,1,-1,0,0,0,1,0,1.32,26.08,-27.37
-1,-1,-1,-1,1,1,0,0,-1,-1,-1,1.42,29.59,-27.99
-1,0,-1,0,0,1,0,0,-1,-1,-1,1.18,22.96,-27.43
-1,0,0,-1,-1,-1,0,0,0,1,0,1.23,25.93,-29.55
-1,0,0,0,-1,1,0,0,-1,-1,0,1.12,21.94,-28.1
-1,-1,-1,-1,0,1,0,0,0,1,-1,1.41,28.19,-27.14
-1,0,-1,-1,1,1,0,0,0,-1,-1,1.33,26.98,-27.03
-1,-1,-1,0,1,-1,0,0,1,-1,0,1.35,27.25,-28.59
-1,0,0,-1,-1,1,0,0,0,-1,0,1.22,25.38,-28.23
-1,0,-1,-1,-1,0,0,0,1,-1,-1,1.18,24.29,-29.11
-1,0,-1,0,0,-1,0,0,0,1,-1,1.21,24.46,-28.33
-1,0,0,-1,1,1,0,0,0,-1,0,0.92,12.73,-23.8
-1,-1,-1,-1,0,-1,0,0,0,-1,-1,1.18,24.63,-28.66
-1,-1,0,0,-1,0,0,0,0,1,-1,1.22,25.01,-30.03
0,0,-1,0,-1,1,0,0,0,0,-1,1.2,23.24,-28.11
-1,0,-1,-1,-1,1,0,0,0,0,-1,1.19,25.21,-30.55
-1,0,-1,0,1,1,0,0,1,-1,0,1.14,17.56,-25.05
-1,0,0,-1,1,0,0,0,0,0,0,0.97,13.8,-23.34
-1,-1,-1,-1,-1,1,0,0,0,0,0,1.26,27.36,-30.54
-1,-1,-1,-1,0,-1,0,0,0,1,-1,1.25,26.5,-30.53
-1,0,-1,-1,1,0,0,0,0,-1,0,1.15,23.11,-28.3
-1,-1,-1,-1,0,1,0,0,0,1,0,0.97,15.85,-27.47
-1,-1,0,0,-1,1,0,0,0,1,0,0.87,14.67,-28.34
-1,-1,-1,0,0,-1,0,0,1,-1,0,1.17,23.79,-29.37
-1,-1,-1,-1,1,1,0,0,0,1,-1,1.04,15.73,-25.05
-1,-1,-1,-1,1,-1,0,0,0,-1,0,1.12,22.68,-29.42
-1,-1,-1,0,-1,-1,0,0,1,1,-1,1.31,28.24,-31.19
-1,0,-1,0,-1,1,0,0,0,-1,0,1.08,22.36,-30.67
-1,0,0,-1,-1,-1,0,0,0,0,0,1.09,22.21,-29.29
-1,-1,-1,-1,1,0,0,0,0,1,-1,1.43,29.34,-27.04
-1,0,-1,-1,1,0,0,0,0,0,-1,1.42,28.81,-27.47
-1,0,0,-1,0,-1,1,0,0,1,0,1.16,21.17,-26.7
-1,-1,0,0,1,0,1,0,0,0,0,1.25,22.47,-25.6
-1,-1,-1,1,1,-1,0,0,0,-1,-1,1.14,20.54,-25.91
-1,0,-1,-1,-1,-1,0,0,0,0,0,1.05,21.52,-31.12
0,-1,-1,0,1,0,0,0,0,-1,0,1.2,22.17,-26.44
-1,0,0,-1,0,-1,0,0,0,1,1,0.93,14.71,-27.56
-1,0,-1,0,-1,-1,0,0,0,0,1,0.87,16.14,-29.55
0,-1,-1,0,-1,0,0,0,0,-1,-1,1.2,24.17,-28.58
-1,0,-1,-1,1,0,1,0,0,0,0,1.27,22.94,-25.74
-1,0,-1,0,1,-1,1,0,0,1,-1,1.15,19.17,-24.48
-1,0,-1,-1,-1,0,0,0,0,-1,-1,1.14,24.17,-31.04
-1,-1,0,-1,1,0,0,0,1,0,-1,1.16,17.53,-25.48
-1,0,-1,-1,-1,0,0,0,1,-1,0,1.08,22.09,-30.81
-1,-1,-1,0,1,0,1,0,0,0,0,1.22,21.98,-25.35
0,-1,-1,0,1,0,-1,0,0,-1,-1,1.03,16.44,-26.06
-1,-1,-1,0,-1,-1,0,0,0,-1,0,1.2,24.89,-28.73
-1,0,-1,-1,-1,-1,0,0,0,1,0,1.14,23.72,-30.94
-1,0,-1,-1,1,-1,0,0,0,1,0,1.36,27.44,-27.36
0,0,0,0,-1,0,0,0,1,-1,-1,1.16,22.62,-28.54
-1,0,0,0,-1,0,0,0,0,1,-1,1.08,21.43,-30.68
-1,0,-1,-1,1,1,0,0,0,0,-1,1.16,17.48,-24.26
-1,-1,-1,0,1,0,1,0,0,0,-1,1.26,21.95,-23.41
0,0,-1,0,1,0,0,0,0,-1,-1,1.35,26.13,-26.51
-1,0,-1,0,1,0,-1,0,0,0,-1,1.09,18.22,-27.75
-1,0,-1,-1,-1,-1,0,0,0,-1,-1,1.11,22.86,-29.61
-1,0,-1,-1,-1,0,0,0,0,1,0,1.12,23.01,-30.43
-1,0,-1,0,0,-1,0,0,0,-1,-1,1.18,24.07,-28.66
-1,-1,0,-1,0,-1,0,0,0,1,0,1.32,28.14,-29.39
0,-1,-1,-1,1,-1,0,0,0,0,-1,1.18,23.6,-27.12
-1,0,-1,-1,-1,-1,0,0,-1,0,0,1.06,21.25,-30.17
0,-1,0,0,-1,0,0,0,0,-1,-1,1.2,24.4,-28.82
-1,-1,-1,-1,0,-1,0,1,0,1,0,1.08,20.17,-30.42
-1,0,-1,-1,1,-1,0,0,0,0,0,1.29,26.25,-28.36
-1,-1,0,0,1,-1,0,0,0,1,-1,1.31,22.41,-22.54
-1,-1,0,-1,-1,1,0,0,1,0,-1,1.47,32.47,-30.2
-1,0,0,0,-1,0,0,0,1,-1,-1,1.21,24.75,-29.39
-1,0,-1,0,1,0,1,1,0,0,0,1.04,14.96,-23.96
-1,-1,-1,-1,0,-1,0,0,0,0,-1,1.18,25.16,-29.95
-1,-1,0,-1,0,-1,0,0,0,-1,0,1.14,23.31,-29.29
-1,0,-1,0,0,0,-1,0,0,0,-1,0.94,16.86,-29.33
-1,0,-1,0,1,0,0,0,0,0,-1,1.34,24.84,-25.01
-1,-1,0,0,0,0,0,0,0,-1,0,1.22,24.59,-29.07
-1,-1,-1,-1,1,0,-1,0,0,1,-1,1.14,19.99,-27.33
-1,-1,0,0,1,0,0,0,0,1,0,0.95,14.22,-24.85
-1,0,0,-1,1,1,0,0,0,1,0,0.96,13.7,-23.85
-1,-1,-1,0,1,0,0,1,0,0,0,1.21,20.04,-27.13
-1,-1,-1,-1,-1,-1,0,0,0,1,0,1.22,26.31,-31.05
